"pairing","arm","config","covariate","stage","n_levels","n_treat","n_ctrl","mean_treat","mean_ctrl","sd_treat","sd_ctrl","smd","vr","ecdf_mean_wavg","ecdf_max_wavg","ecdf_max_worst","worst_level","worst_level_pairs"
"FNP_UNP","augmented","(before)","agb_pre5","unadjusted",36,299737,77331497,7567.32850465575,8578.81003639953,4225.41809074091,5423.45514096487,-0.239380224636285,0.606998013938816,0.0535499030057396,0.134030809663379,0.977538378669539,"2020_2024",1
"FNP_UNP","augmented","(before)","ch_pre5","unadjusted",36,299737,77331497,9.63534358722283,11.3476468732523,6.19733874030885,7.26914907035528,-0.276296545627289,0.726847530964136,0.0684989066077476,0.1496744319365,0.69636412604363,"2020_2024",1
"FNP_UNP","augmented","(before)","city_travel_time","unadjusted",36,299737,77331497,68.9781313025943,86.3554900027002,49.6895987945201,50.7356356667171,-0.349718233225548,0.959190278055207,0.132060410524196,0.249164016935374,0.96579585241045,"2020_2024",1
"FNP_UNP","augmented","(before)","eastness","unadjusted",36,299737,77331497,-0.032195544183544,-0.0835435649610216,0.670268191864505,0.660914938228331,0.076608171774706,1.02850423439077,0.0325608332287837,0.0591823662912628,0.823673579315917,"2020_2024",1
"FNP_UNP","augmented","(before)","elevation","unadjusted",36,299737,77331497,864.770993919126,859.11563089052,495.840058732053,520.22752891854,0.0114056194714647,0.908440652492537,0.111790427599077,0.201250862330192,0.818679597271472,"1993_1997",40
"FNP_UNP","augmented","(before)","gpp_pre5","unadjusted",36,299737,77331497,1320.54798907042,1300.98557994552,370.139723577653,409.50659892517,0.0528514176641641,0.816976536016678,0.0451709079263976,0.122259777499649,0.985833557769997,"2020_2024",1
"FNP_UNP","augmented","(before)","northness","unadjusted",36,299737,77331497,0.0769707736659635,0.180106702161382,0.737386899433211,0.723673164202797,-0.139866776280801,1.03825946511936,0.0466002451504936,0.0783208427932605,0.882924858604902,"2020_2024",1
"FNP_UNP","augmented","(before)","pop_density","unadjusted",36,299737,77331497,10.5871341141415,14.532540835324,50.6133557753417,62.1281259917292,-0.0779518895900725,0.663672401385121,0.109161762332176,0.177148337109927,0.747751144626986,"2020_2024",1
"FNP_UNP","augmented","(before)","ppt_normal","unadjusted",36,299737,77331497,1044.03256713532,1064.78866464304,429.511002423605,542.399534437859,-0.0483249495137578,0.627061259388746,0.086561455586419,0.196859719377015,0.919579854565042,"2020_2024",1
"FNP_UNP","augmented","(before)","slope","unadjusted",36,299737,77331497,12.5930583307228,12.3549000088288,6.75639912708717,6.83990417092026,0.0352492973571086,0.975732026167308,0.0368402514823538,0.0821726090317434,0.810099649878804,"2020_2024",1
"FNP_UNP","augmented","(before)","tmean_normal","unadjusted",36,299737,77331497,13.6487185476249,13.0328263621814,2.56786243674298,2.52288830502805,0.239846253689778,1.03597067383916,0.129886940896738,0.25463585162151,0.965553460813358,"2020_2024",1
"FNP_UNP","augmented","bart_cal025","agb_pre5","adjusted",36,231650,231650,7626.75092855601,7528.7147109864,4245.19729067453,4147.80609309891,0.0232015425371599,1.04751166103958,0.00891744789916448,0.0249471184977337,1,"2020_2024",1
"FNP_UNP","augmented","bart_cal025","ch_pre5","adjusted",36,231650,231650,9.91233991195223,9.79377086427439,6.0927581193425,5.97701506135553,0.0191322521886113,1.03910437606183,0.0102184473137907,0.0252751996546514,0.181818181818182,"1993_1997",22
"FNP_UNP","augmented","bart_cal025","city_travel_time","adjusted",36,231650,231650,65.6394826501673,63.356636273763,44.8068470557458,44.5787552115944,0.0459421374248657,1.01025938794858,0.031849037049139,0.0753895963738399,1,"2020_2024",1
"FNP_UNP","augmented","bart_cal025","eastness","adjusted",36,231650,231650,-0.0422408292299828,-0.0379622181132934,0.668470685947297,0.663325833658889,-0.00638343154072023,1.01557245064237,0.00847710836680729,0.0214849989207857,1,"2020_2024",1
"FNP_UNP","augmented","bart_cal025","elevation","adjusted",36,231650,231650,831.608843592227,820.184921897535,489.855857130497,492.344104258809,0.0230395295690806,0.989917785313554,0.0225282186954418,0.0547507014893157,1,"2020_2024",1
"FNP_UNP","augmented","bart_cal025","gpp_pre5","adjusted",36,231650,231650,1331.73396244334,1325.31701100799,371.938908893594,361.743595932847,0.0173365651579715,1.05716194819355,0.0101427151515122,0.0266652277142241,1,"2020_2024",1
"FNP_UNP","augmented","bart_cal025","northness","adjusted",36,231650,231650,0.106014211154215,0.110384492130617,0.734913385326945,0.739112018542038,-0.00592671361501187,0.9886709791289,0.00880345842758665,0.0213598100582775,1,"2020_2024",1
"FNP_UNP","augmented","bart_cal025","pop_density","adjusted",36,231650,231650,8.73407414970702,9.73637110497412,37.9046993092474,37.1066992661098,-0.0198030132543673,1.0434735923551,0.058564498815938,0.115730628102741,1,"2020_2024",1
"FNP_UNP","augmented","bart_cal025","ppt_normal","adjusted",36,231650,231650,1013.57973140065,1013.63984160988,389.453245427443,398.74578398801,-0.000139950336291449,0.953934259238089,0.0193212154184378,0.0560716598316426,1,"2020_2024",1
"FNP_UNP","augmented","bart_cal025","slope","adjusted",36,231650,231650,12.6596987900742,12.3418903971595,6.55603594884443,6.24234623955342,0.0470381318416407,1.10302903672844,0.0168924508952362,0.0335031297215627,1,"2020_2024",1
"FNP_UNP","augmented","bart_cal025","tmean_normal","adjusted",36,231650,231650,13.6941405548834,13.7315779891241,2.48528034100981,2.50583563663796,-0.014579221108202,0.983661347865167,0.0184672981330704,0.049358946686812,1,"2020_2024",1
"FNP_UNP","augmented","bart_nocal","agb_pre5","adjusted",36,293946,293946,7571.29495825764,7636.63197117838,4237.43993370414,4186.0359007231,-0.0154628516084384,1.02471056243882,0.0105666022930515,0.0323664890830288,1,"2020_2024",1
"FNP_UNP","augmented","bart_nocal","ch_pre5","adjusted",36,293946,293946,9.63655154620658,9.76310057217203,6.21361291752668,6.14872638592841,-0.0204198981640862,1.02121704435294,0.0106333637602543,0.0306450844712974,0.15,"1993_1997",40
"FNP_UNP","augmented","bart_nocal","city_travel_time","adjusted",36,293946,293946,69.0135105616952,64.993503084269,49.929615098871,46.9684123071722,0.0809023935582579,1.1300682588359,0.0418477602456081,0.1040157035646,1,"2020_2024",1
"FNP_UNP","augmented","bart_nocal","eastness","adjusted",36,293946,293946,-0.0346607282313877,-0.0407278882356848,0.669788150359282,0.666626896757881,0.00905183936510539,1.00950681470313,0.00554864068138152,0.0142134949956795,1,"2020_2024",1
"FNP_UNP","augmented","bart_nocal","elevation","adjusted",36,293946,293946,867.933423279657,849.882653538701,498.016575603272,501.152536602562,0.0364044199799309,0.987524160266133,0.0315016221346825,0.0699005939866506,1,"2020_2024",1
"FNP_UNP","augmented","bart_nocal","gpp_pre5","adjusted",36,293946,293946,1319.50093826757,1318.79903587734,371.50138574695,363.964051439232,0.00189631737833178,1.04184687819766,0.0102571469684982,0.0271886673062399,1,"2020_2024",1
"FNP_UNP","augmented","bart_nocal","northness","adjusted",36,293946,293946,0.0739156892580564,0.086615839303769,0.738023097064481,0.739190948871785,-0.0172231837254967,0.996842685205036,0.00872949794557802,0.0198471828158914,1,"2020_2024",1
"FNP_UNP","augmented","bart_nocal","pop_density","adjusted",36,293946,293946,10.670580336082,12.0754524334894,50.5947292290295,52.8503572056426,-0.027756944306225,0.916462497831923,0.0663663575445613,0.125046777299232,1,"2020_2024",1
"FNP_UNP","augmented","bart_nocal","ppt_normal","adjusted",36,293946,293946,1045.73799257294,1041.59619599501,431.237081578337,431.86045451261,0.00964305117810524,0.997115165229532,0.0290307739699529,0.078208242330224,1,"2020_2024",1
"FNP_UNP","augmented","bart_nocal","slope","adjusted",36,293946,293946,12.5867277728251,12.1397029985274,6.76945149510831,6.43426801784371,0.0661631685590496,1.10690071190305,0.0191241362046439,0.0347240649643132,1,"2020_2024",1
"FNP_UNP","augmented","bart_nocal","tmean_normal","adjusted",36,293946,293946,13.6232963821632,13.6558591697459,2.57342665978926,2.58598638875907,-0.0126808925263008,0.990309903632402,0.0321575857392669,0.0852231362222993,1,"2020_2024",1
"FNP_UNP","augmented","elastic_cal025","agb_pre5","adjusted",35,283966,283966,7574.25694061965,7658.21614136904,4225.67871790465,4245.39480093017,-0.0198700339105766,0.990733346549509,0.0114302562909091,0.0320777839600516,0.2,"1993_1997",40
"FNP_UNP","augmented","elastic_cal025","ch_pre5","adjusted",35,283966,283966,9.73587767827865,9.86595501143946,6.1540253347893,6.16612159081984,-0.0209892243447594,0.996080391517466,0.0115486798327728,0.0288520456674391,0.2,"1993_1997",40
"FNP_UNP","augmented","elastic_cal025","city_travel_time","adjusted",35,283966,283966,67.5962173580571,64.3029877307534,48.0177710790239,46.3283703297574,0.0662760357740484,1.07426133946823,0.0373437154251037,0.0923420409485643,0.366071428571429,"2005_2009",112
"FNP_UNP","augmented","elastic_cal025","eastness","adjusted",35,283966,283966,-0.0376584770621076,-0.0447369812126263,0.669913641313551,0.66405941004062,0.0105607042620183,1.0177093679331,0.00751325898717216,0.0188050682123917,0.125,"1993_1997",40
"FNP_UNP","augmented","elastic_cal025","elevation","adjusted",35,283966,283966,860.606617186686,848.103771629609,497.307840870148,502.634002395123,0.0252154809537752,0.978919284557978,0.0283413230494267,0.0598909728629484,0.327547169811321,"2019_2023",9275
"FNP_UNP","augmented","elastic_cal025","gpp_pre5","adjusted",35,283966,283966,1322.10617186565,1320.52546924632,371.32998531778,364.864614783547,0.00427055654564409,1.0357538285884,0.0108728945787174,0.0275666805180902,0.3,"1993_1997",40
"FNP_UNP","augmented","elastic_cal025","northness","adjusted",35,283966,283966,0.0812597280693672,0.0938808044634307,0.736993327667494,0.740357388710826,-0.0171159487695871,0.990932978512513,0.00951302357194635,0.020946169611855,0.125,"2005_2009",112
"FNP_UNP","augmented","elastic_cal025","pop_density","adjusted",35,283966,283966,10.6799623162866,11.2683395306743,50.2584729720619,46.7061553417575,-0.0116249398083646,1.15789809466297,0.0613070498045153,0.115675820344689,0.5,"1993_1997",40
"FNP_UNP","augmented","elastic_cal025","ppt_normal","adjusted",35,283966,283966,1045.32498546699,1038.59234310564,429.496744491904,427.46739008811,0.0156751336365278,1.00951731766839,0.026183642584736,0.0709521562440574,0.425945378151261,"2014_2018",5712
"FNP_UNP","augmented","elastic_cal025","slope","adjusted",35,283966,283966,12.5356637662739,12.1021647193208,6.70376936650078,6.37537513059784,0.0641612549523828,1.10567283904464,0.0193725971542566,0.0346661220005212,0.15,"1993_1997",40
"FNP_UNP","augmented","elastic_cal025","tmean_normal","adjusted",35,283966,283966,13.6505374086619,13.6545359363184,2.55433133874598,2.57418873082598,-0.00155714246964971,0.984631428538742,0.0287231677625491,0.076843706640936,0.425,"1993_1997",40
"FNP_UNP","augmented","elastic_nocal","agb_pre5","adjusted",35,293945,293945,7567.44440898808,7678.64575822008,4236.73176482685,4201.06104009576,-0.026317241712879,1.01705386443752,0.0122044024597155,0.0360747758934494,0.15,"1993_1997",40
"FNP_UNP","augmented","elastic_nocal","ch_pre5","adjusted",35,293945,293945,9.62875381718398,9.81980547657749,6.21504743417422,6.17262235344284,-0.0308280162500825,1.01379344930183,0.0124590291901662,0.0346391331711715,0.15,"1993_1997",40
"FNP_UNP","augmented","elastic_nocal","city_travel_time","adjusted",35,293945,293945,68.9756703549073,65.051177950208,49.9249168529107,47.0302325113565,0.0789801588241466,1.12688720757879,0.0416111678256021,0.103652043749681,0.545727136431784,"2006_2010",667
"FNP_UNP","augmented","elastic_nocal","eastness","adjusted",35,293945,293945,-0.0346590790245121,-0.0437399427253112,0.669724815776484,0.666398600233836,0.0135481047900222,1.01000757403072,0.00694726419161248,0.0165541172668357,0.125,"1993_1997",40
"FNP_UNP","augmented","elastic_nocal","elevation","adjusted",35,293945,293945,868.113117620031,848.906646609187,497.987544158846,500.79896374916,0.0387352144559642,0.988803778269787,0.0316961196315779,0.069873615812482,0.321169396641095,"2019_2023",9646
"FNP_UNP","augmented","elastic_nocal","gpp_pre5","adjusted",35,293945,293945,1319.20254061134,1320.89625474153,371.489204611713,363.451514166061,-0.00457587776265354,1.04471884942576,0.0104653787573597,0.0281923489088094,0.15,"1993_1997",40
"FNP_UNP","augmented","elastic_nocal","northness","adjusted",35,293945,293945,0.0731136891615507,0.0905408045726002,0.738160525533898,0.738747331088436,-0.0236336113706994,0.998411980733709,0.0100947723297921,0.021861232543503,0.107718696397942,"1997_2001",2915
"FNP_UNP","augmented","elastic_nocal","pop_density","adjusted",35,293945,293945,10.692353713379,12.1231378489818,50.7168202926498,52.9289885298194,-0.0282689047917232,0.918156779967964,0.0668793389797051,0.126037183826906,0.478260869565217,"2006_2010",667
"FNP_UNP","augmented","elastic_nocal","ppt_normal","adjusted",35,293945,293945,1045.78104991154,1040.92380856237,431.275662011063,431.064407016322,0.0113087704895983,1.00098039530505,0.0289810528054214,0.0784126282127609,0.391865945191133,"2014_2018",5729
"FNP_UNP","augmented","elastic_nocal","slope","adjusted",35,293945,293945,12.5848987204358,12.1030574264403,6.76684288790773,6.42807124963217,0.0713162862246706,1.1081813132186,0.0203652400372919,0.0364353875725051,0.15,"1993_1997",40
"FNP_UNP","augmented","elastic_nocal","tmean_normal","adjusted",35,293945,293945,13.623417003689,13.6574918659966,2.57334408590269,2.58400079926431,-0.0132697382149525,0.991768780709887,0.0319754392276818,0.0849308544115396,0.425,"1993_1997",40
"FNP_UNP","augmented","glm_cal025","agb_pre5","adjusted",35,288153,288153,7555.26664515032,7792.82172873439,4230.74981946472,4687.62412082253,-0.056220491909338,0.814571345259564,0.0218237423267094,0.0503517228694478,0.283891547049442,"2006_2010",627
"FNP_UNP","augmented","glm_cal025","ch_pre5","adjusted",35,288153,288153,9.65296082570053,9.96195098008897,6.18524765792479,6.67375820057886,-0.0498585227201948,0.858960616836306,0.0223352855114974,0.0499283366822487,0.240437158469945,"2005_2009",183
"FNP_UNP","augmented","glm_cal025","city_travel_time","adjusted",35,288153,288153,68.1136052494705,64.0911297751685,49.0667195984774,46.4549384785816,0.0809520618376494,1.11560452989019,0.0476192038855717,0.106787019395946,0.448087431693989,"2005_2009",183
"FNP_UNP","augmented","glm_cal025","eastness","adjusted",35,288153,288153,-0.0363287538038472,-0.0029898908970423,0.669649211624088,0.660627776228095,-0.0497395867974358,1.0274981870817,0.0293135365839143,0.053107203464826,0.175,"1993_1997",40
"FNP_UNP","augmented","glm_cal025","elevation","adjusted",35,288153,288153,865.4357533745,865.479038456599,499.039367162169,536.747514162385,-0.0000872964604961013,0.864429401252856,0.0515691811656291,0.109219754783049,0.426938266472667,"2019_2023",9622
"FNP_UNP","augmented","glm_cal025","gpp_pre5","adjusted",35,288153,288153,1319.52648002971,1322.64310487831,371.855757337957,397.828459629511,-0.00842013069681056,0.873689916525534,0.0213009256557498,0.0468119367141761,0.233423404697568,"2019_2023",9622
"FNP_UNP","augmented","glm_cal025","northness","adjusted",35,288153,288153,0.0757552982207676,0.0825626311842649,0.737884198920556,0.746107219011106,-0.00923169772710882,0.978079005323162,0.0225540569254109,0.0448824062216947,0.15,"1993_1997",40
"FNP_UNP","augmented","glm_cal025","pop_density","adjusted",35,288153,288153,10.6089947689154,12.189341055416,50.1143186108194,49.5714709534628,-0.0312238985598043,1.02202153605993,0.0693728558542317,0.12568670116223,0.525,"1993_1997",40
"FNP_UNP","augmented","glm_cal025","ppt_normal","adjusted",35,288153,288153,1045.13486245468,1046.59135329378,431.864481806657,454.138606183575,-0.00339104430591664,0.904311657796608,0.0458643725512576,0.111989116892762,0.487345086402514,"2014_2018",5729
"FNP_UNP","augmented","glm_cal025","slope","adjusted",35,288153,288153,12.5501492597739,12.2262711177209,6.74196411095989,6.81560042247749,0.0479365022641431,0.978508562540872,0.0241062789758643,0.0492620239941975,0.204531282477655,"2019_2023",9622
"FNP_UNP","augmented","glm_cal025","tmean_normal","adjusted",35,288153,288153,13.6384544584912,13.4951209365147,2.56812973755701,2.72025211520267,0.0558182244989037,0.891282965467106,0.0556828599134687,0.126807633444732,0.439201829141551,"2019_2023",9622
"FNP_UNP","augmented","glm_nocal","agb_pre5","adjusted",36,293946,293946,7568.05209800439,7670.78144148925,4236.59514957383,4198.92060471833,-0.0243122316605702,1.01802537586795,0.012239442016498,0.0364182536928552,1,"2020_2024",1
"FNP_UNP","augmented","glm_nocal","ch_pre5","adjusted",36,293946,293946,9.62972716345148,9.81129200873498,6.21481783523327,6.16761484484731,-0.0292972278734038,1.01536529837526,0.0123599046308027,0.0346015934899607,0.15,"1993_1997",40
"FNP_UNP","augmented","glm_nocal","city_travel_time","adjusted",36,293946,293946,68.9793403816257,65.0576616965619,49.9245731237976,47.0444423070051,0.0789235328963123,1.12619104914772,0.0416355886048748,0.103597259360563,1,"2020_2024",1
"FNP_UNP","augmented","glm_nocal","eastness","adjusted",36,293946,293946,-0.0344969853142545,-0.0441353981111487,0.669765322338615,0.666423637984889,0.0143799346498642,1.01005385270789,0.00692043882105196,0.0166901403659175,1,"2020_2024",1
"FNP_UNP","augmented","glm_nocal","elevation","adjusted",36,293946,293946,868.177794403339,849.168883327851,497.976684137679,501.232870068058,0.0383367796545061,0.987049495527144,0.0316495902621164,0.0695978172861682,1,"2020_2024",1
"FNP_UNP","augmented","glm_nocal","gpp_pre5","adjusted",36,293946,293946,1319.23862001864,1320.32749484599,371.48380400552,363.665716959077,-0.00294179402529807,1.04345817222426,0.0104721092665628,0.0281038013784845,1,"2020_2024",1
"FNP_UNP","augmented","glm_nocal","northness","adjusted",36,293946,293946,0.0731217490907444,0.0902762587108429,0.738130567450529,0.738738205436575,-0.0232639197052243,0.998355606682209,0.0099254415232904,0.0216978628727725,1,"2020_2024",1
"FNP_UNP","augmented","glm_nocal","pop_density","adjusted",36,293946,293946,10.6875602850549,12.1247313611922,50.7074652386459,52.9368389424784,-0.028395095605131,0.917545890507146,0.0667597402888659,0.125924489532091,1,"2020_2024",1
"FNP_UNP","augmented","glm_nocal","ppt_normal","adjusted",36,293946,293946,1045.78737332019,1041.08997340698,431.270900296511,431.130478202897,0.0109366230124431,1.00065151952332,0.0290226799248125,0.0784667932205235,1,"2020_2024",1
"FNP_UNP","augmented","glm_nocal","slope","adjusted",36,293946,293946,12.584283188708,12.1103789890969,6.76685950900622,6.42865561465351,0.0701415340770979,1.10798529790569,0.0201074749418434,0.0361597028025556,1,"2020_2024",1
"FNP_UNP","augmented","glm_nocal","tmean_normal","adjusted",36,293946,293946,13.6233553300129,13.6563325740435,2.57326646916853,2.58481990068766,-0.0128422938700851,0.991080530453161,0.0319485980708147,0.0849883992297905,1,"2020_2024",1
"FNP_UNP","augmented","mahal_nocal","agb_pre5","adjusted",36,293946,293946,7570.05373844176,7622.79717022854,4238.99062478712,4179.83526854361,-0.0124824172789824,1.02850540855657,0.00972112289336067,0.0296993325304648,1,"2020_2024",1
"FNP_UNP","augmented","mahal_nocal","ch_pre5","adjusted",36,293946,293946,9.63690195067472,9.74539527948326,6.21368094487255,6.13968911654358,-0.0175064383850568,1.02424802928907,0.00987141479910611,0.0283759602103788,0.15,"1993_1997",40
"FNP_UNP","augmented","mahal_nocal","city_travel_time","adjusted",36,293946,293946,69.0093901323284,64.9859514423657,49.9228208981698,47.0489917935503,0.0809714464912616,1.12589422534361,0.0422118745261228,0.104464765637226,1,"2020_2024",1
"FNP_UNP","augmented","mahal_nocal","eastness","adjusted",36,293946,293946,-0.0349796287587483,-0.0391692514384025,0.669811777848237,0.666580099801123,0.00625066612216785,1.0097197977334,0.00519336114330661,0.0139413361637852,1,"2020_2024",1
"FNP_UNP","augmented","mahal_nocal","elevation","adjusted",36,293946,293946,867.674176398746,849.801033721891,498.183699663694,500.980550170873,0.0360461853819553,0.988865661775088,0.0314588778261427,0.0698563681764678,1,"2020_2024",1
"FNP_UNP","augmented","mahal_nocal","gpp_pre5","adjusted",36,293946,293946,1319.42925027046,1318.56896300681,371.508728427633,363.749623369236,0.00232422301322688,1.04311679728376,0.00991562415836191,0.0264606424309227,1,"2020_2024",1
"FNP_UNP","augmented","mahal_nocal","northness","adjusted",36,293946,293946,0.0736433252171344,0.0850205092845825,0.738013835847405,0.739504834005476,-0.015429056410133,0.995971642088723,0.00823678964634618,0.0186564879263538,1,"2020_2024",1
"FNP_UNP","augmented","mahal_nocal","pop_density","adjusted",36,293946,293946,10.664219902088,12.1194335726055,50.6367183580025,52.8712980278485,-0.028751574524653,0.917257262804762,0.0665294798193024,0.125322338116525,1,"2020_2024",1
"FNP_UNP","augmented","mahal_nocal","ppt_normal","adjusted",36,293946,293946,1045.65214638844,1041.61104839014,431.423826314571,432.033467335663,0.00940860181811424,0.997179797696611,0.0284628374413601,0.0773339320827635,1,"2020_2024",1
"FNP_UNP","augmented","mahal_nocal","slope","adjusted",36,293946,293946,12.5815106822431,12.1507176435202,6.76810528087757,6.44759479042752,0.0637607445356084,1.10189126430001,0.0184047987651405,0.033836146775258,1,"2020_2024",1
"FNP_UNP","augmented","mahal_nocal","tmean_normal","adjusted",36,293946,293946,13.6227281967432,13.6570919906627,2.57318814788706,2.58522690944497,-0.0133822565522799,0.990708180586958,0.0322686038557952,0.0853354017404557,1,"2020_2024",1
"FNP_UNP","augmented","mahal_pscal","agb_pre5","adjusted",35,288409,288409,7556.19855066936,7661.73880912177,4230.36013672417,4220.96411818607,-0.0249774711486357,1.00445702745297,0.0117920685868603,0.0347007201578314,0.15,"1993_1997",40
"FNP_UNP","augmented","mahal_pscal","ch_pre5","adjusted",35,288409,288409,9.65385997250164,9.82868711021196,6.18518017902281,6.17239006978977,-0.0282100341834162,1.00414859093205,0.0118089958638314,0.032495518517106,0.207650273224044,"2005_2009",183
"FNP_UNP","augmented","mahal_pscal","city_travel_time","adjusted",35,288409,288409,68.1656174837452,64.6587255078359,49.115391287884,47.0096016577043,0.0705759768842417,1.09159634861185,0.038820114874696,0.0969075167557184,0.456140350877193,"2006_2010",627
"FNP_UNP","augmented","mahal_pscal","eastness","adjusted",35,288409,288409,-0.0363499423279145,-0.0480803379005682,0.669679684847835,0.664037757293549,0.0175010476627616,1.01706498016595,0.00794202130845695,0.0182275865177578,0.15,"1993_1997",40
"FNP_UNP","augmented","mahal_pscal","elevation","adjusted",35,288409,288409,865.588174126523,850.379801151881,499.018472642977,502.209626817968,0.0306719328275587,0.987331921391127,0.0286499583711925,0.0614786639806664,0.339426672206066,"2019_2023",9628
"FNP_UNP","augmented","mahal_pscal","gpp_pre5","adjusted",35,288409,288409,1319.57289821053,1319.82080240214,371.83732369032,364.941122646908,-0.000669758406963235,1.03815058651302,0.0107955116547414,0.0284977237187467,0.163934426229508,"2005_2009",183
"FNP_UNP","augmented","mahal_pscal","northness","adjusted",35,288409,288409,0.0755569711198243,0.0935185297326211,0.737875857256538,0.740230306924692,-0.0243583912686851,0.99364871919316,0.00996843175943214,0.0211366496884633,0.125439624853458,"2001_2005",1706
"FNP_UNP","augmented","mahal_pscal","pop_density","adjusted",35,288409,288409,10.6093993837583,11.416772414423,50.118266316978,48.5617017839043,-0.0159517783062715,1.06513408788383,0.0625648542234246,0.119455356802319,0.457735247208931,"2006_2010",627
"FNP_UNP","augmented","mahal_pscal","ppt_normal","adjusted",35,288409,288409,1045.3305096303,1036.95778862414,431.7664505639,428.029595902092,0.0194936124078808,1.01753694955008,0.0259414912898719,0.0684201949315035,0.39640425903299,"2014_2018",5729
"FNP_UNP","augmented","mahal_pscal","slope","adjusted",35,288409,288409,12.5555174060243,12.1016439821329,6.74445261525497,6.40633566314535,0.0671768223508,1.1083426243951,0.0197150992906115,0.0352277494807721,0.15,"1993_1997",40
"FNP_UNP","augmented","mahal_pscal","tmean_normal","adjusted",35,288409,288409,13.6377603614938,13.6501613093269,2.56789654477916,2.57968242172964,-0.00482928822652015,0.990883409836497,0.0298020391139467,0.0787284724124421,0.425,"1993_1997",40
"FNP_UNP","augmented","nn_exact_1to1","agb_pre5","adjusted",36,293946,293946,7570.05373844176,7733.79091942057,4238.99062478712,4413.60288703926,-0.0387505277495763,0.922440583957382,0.0358388674927366,0.0973750280663796,1,"2020_2024",1
"FNP_UNP","augmented","nn_exact_1to1","ch_pre5","adjusted",36,293946,293946,9.63690195067472,10.025847879469,6.21368094487255,6.26020789152183,-0.0627601532032555,0.985190891644674,0.042720351259294,0.10844508855368,1,"2020_2024",1
"FNP_UNP","augmented","nn_exact_1to1","city_travel_time","adjusted",36,293946,293946,69.0093901323284,64.9637309145449,49.9228208981698,46.2011676426201,0.0814186331935056,1.16759528156143,0.0990191248393285,0.231780667197377,1,"2020_2024",1
"FNP_UNP","augmented","nn_exact_1to1","eastness","adjusted",36,293946,293946,-0.0349796287587483,-0.0284028488274995,0.669811777848237,0.671296392759799,-0.00981216177505611,0.995581763086656,0.0357150154097906,0.0696828669211352,1,"2020_2024",1
"FNP_UNP","augmented","nn_exact_1to1","elevation","adjusted",36,293946,293946,867.674176398746,926.863249768988,498.183699663694,602.89550525169,-0.119371301950872,0.682802236324917,0.0922418951133548,0.208517891041212,1,"2020_2024",1
"FNP_UNP","augmented","nn_exact_1to1","gpp_pre5","adjusted",36,293946,293946,1319.42925027046,1282.85427935743,371.508728427633,385.632190186302,0.0988139574955715,0.928092975499601,0.0400590170699169,0.0924931790192757,1,"2020_2024",1
"FNP_UNP","augmented","nn_exact_1to1","northness","adjusted",36,293946,293946,0.0736433252171344,-0.0152801315231524,0.738013835847405,0.740429534367533,0.120592672325258,0.993485516924879,0.0428067630779481,0.0812394113204466,1,"2020_2024",1
"FNP_UNP","augmented","nn_exact_1to1","pop_density","adjusted",36,293946,293946,10.664219902088,38.5743644442517,50.6367183580025,141.296437487956,-0.551438333116043,0.128430649981898,0.138975250784281,0.235339143924394,1,"2020_2024",1
"FNP_UNP","augmented","nn_exact_1to1","ppt_normal","adjusted",36,293946,293946,1045.65214638844,1027.56418261364,431.423826314571,419.962037637416,0.0421129230048415,1.05532975709847,0.0722714793343656,0.189136780224939,1,"2020_2024",1
"FNP_UNP","augmented","nn_exact_1to1","slope","adjusted",36,293946,293946,12.5815106822431,10.9759587368442,6.76810528087757,6.43290367220188,0.237634265708494,1.10692989081107,0.0714620009697036,0.129860586638362,1,"2020_2024",1
"FNP_UNP","augmented","nn_exact_1to1","tmean_normal","adjusted",36,293946,293946,13.6227281967432,12.6762271715174,2.57318814788706,3.10726998024452,0.368594910569399,0.685780459386898,0.130227124357304,0.285909656875753,1,"2020_2024",1
"FNP_UNP","augmented","rmahal_cal025","agb_pre5","adjusted",35,107709,107709,7434.65120463471,7441.90579245931,4079.18673886455,4079.4318828324,-0.00171689230954418,0.999879818264304,0.00338384804612683,0.0143813423205117,0.153846153846154,"1993_1997",13
"FNP_UNP","augmented","rmahal_cal025","ch_pre5","adjusted",35,107709,107709,10.0348457451652,10.0451919559228,5.58227502710057,5.58131134250589,-0.00166946026208604,1.00034535532306,0.00316022195527263,0.0133786405964218,0.153846153846154,"1993_1997",13
"FNP_UNP","augmented","rmahal_cal025","city_travel_time","adjusted",35,107709,107709,63.998087146523,63.1952313872605,44.1666223831325,43.8614974651955,0.0161574208433948,1.01396150358575,0.0217502753719864,0.0609605511145772,0.428571428571429,"2006_2010",56
"FNP_UNP","augmented","rmahal_cal025","eastness","adjusted",35,107709,107709,-0.0421342859619333,-0.0428367978313409,0.663494554532449,0.662678518305119,0.00104810563582518,1.00246435834824,0.00232330075877613,0.00930284377350084,0.333333333333333,"1988_1992",9
"FNP_UNP","augmented","rmahal_cal025","elevation","adjusted",35,107709,107709,760.257758568053,752.934368226611,480.533406400909,480.906936921031,0.0147696625403141,0.998447161282339,0.0124305258731637,0.0384647522491157,0.461538461538462,"1993_1997",13
"FNP_UNP","augmented","rmahal_cal025","gpp_pre5","adjusted",35,107709,107709,1316.48575327967,1317.01877651821,363.098439044503,363.090402449338,-0.00144005953586493,1.0000442682266,0.00363089706226916,0.0132579450185221,0.222222222222222,"1988_1992",9
"FNP_UNP","augmented","rmahal_cal025","northness","adjusted",35,107709,107709,0.12742106542719,0.128320164006094,0.736052081903514,0.736590279657384,-0.00121930370555113,0.998539211964407,0.00231674000302423,0.0102684083966985,0.333333333333333,"1988_1992",9
"FNP_UNP","augmented","rmahal_cal025","pop_density","adjusted",35,107709,107709,5.90376926041746,6.3643264776764,19.0223839876023,19.0957331217046,-0.00909951948855609,0.992332500462829,0.0438955500574814,0.0992024807583396,0.476597476597477,"2011_2015",4914
"FNP_UNP","augmented","rmahal_cal025","ppt_normal","adjusted",35,107709,107709,976.735429351029,974.975173102178,366.876106047716,367.524372735014,0.00409827976214481,0.996475363241362,0.019067094914781,0.0560213166959121,0.348452508004269,"2014_2018",1874
"FNP_UNP","augmented","rmahal_cal025","slope","adjusted",35,107709,107709,11.5251506906107,11.4721446857505,5.88237266217892,5.85980679334266,0.00784530396490069,1.00771674553044,0.00377723066395574,0.0119395779368484,0.230769230769231,"1993_1997",13
"FNP_UNP","augmented","rmahal_cal025","tmean_normal","adjusted",35,107709,107709,13.7841807309158,13.7745367290039,2.54839993138312,2.54209508458093,0.0037556536416801,1.00496650609946,0.021361881920071,0.0708854413280227,0.307692307692308,"1993_1997",13
"FNP_UNP","augmented","rmahal_nocal","agb_pre5","adjusted",36,293946,293946,7570.05373844176,7632.78928714798,4238.99062478712,4301.87661565954,-0.01484718135791,0.97097715519305,0.00987023563044175,0.026076218080872,1,"2020_2024",1
"FNP_UNP","augmented","rmahal_nocal","ch_pre5","adjusted",36,293946,293946,9.63690195067472,9.77300606513656,6.21368094487255,6.24469955374757,-0.0219617032673385,0.990090293072534,0.0104112493580589,0.0282398807944316,0.28921568627451,"2005_2009",204
"FNP_UNP","augmented","rmahal_nocal","city_travel_time","adjusted",36,293946,293946,69.0093901323284,64.7911775647727,49.9228208981698,46.5996026033339,0.0848912583295179,1.14771434110472,0.0432531757356467,0.0992155021670647,1,"2020_2024",1
"FNP_UNP","augmented","rmahal_nocal","eastness","adjusted",36,293946,293946,-0.0349796287587483,-0.043122468839641,0.669811777848237,0.66726298152664,0.0121486297272164,1.00765414629642,0.00660430435625404,0.0164996291835916,1,"2020_2024",1
"FNP_UNP","augmented","rmahal_nocal","elevation","adjusted",36,293946,293946,867.674176398746,858.362793012495,498.183699663694,519.474189918635,0.0187790058956955,0.919710358839866,0.0330677385461212,0.0749219244351003,1,"2020_2024",1
"FNP_UNP","augmented","rmahal_nocal","gpp_pre5","adjusted",36,293946,293946,1319.42925027046,1314.02596463296,371.508728427633,366.234125010648,0.0145979620486835,1.02901196906705,0.0113389743747735,0.027494845992121,1,"2020_2024",1
"FNP_UNP","augmented","rmahal_nocal","northness","adjusted",36,293946,293946,0.0736433252171344,0.0884827104131869,0.738013835847405,0.738259518869615,-0.0201242864600099,0.9993345371488,0.00908386760365428,0.0211059174134024,1,"2020_2024",1
"FNP_UNP","augmented","rmahal_nocal","pop_density","adjusted",36,293946,293946,10.664219902088,13.9352669225867,50.6367183580025,69.343461168827,-0.0646281395570368,0.533236752398793,0.0423295610977625,0.0853285977696583,1,"2020_2024",1
"FNP_UNP","augmented","rmahal_nocal","ppt_normal","adjusted",36,293946,293946,1045.65214638844,1045.5898317941,431.423826314571,440.758588502125,0.000145082649773896,0.958090834113804,0.028700049228057,0.0811917835248651,1,"2020_2024",1
"FNP_UNP","augmented","rmahal_nocal","slope","adjusted",36,293946,293946,12.5815106822431,12.0499724479317,6.76810528087757,6.36134917716043,0.0786718227140199,1.13197214940559,0.0233515457288393,0.0446816762262456,1,"2020_2024",1
"FNP_UNP","augmented","rmahal_nocal","tmean_normal","adjusted",36,293946,293946,13.6227281967432,13.5902693704592,2.57318814788706,2.68428783546037,0.0126404069858058,0.918935264770062,0.0315535718419091,0.0816476495682881,1,"2020_2024",1
"FNP_UNP","baseline","(before)","city_travel_time","unadjusted",36,299737,77720191,68.9781313025943,86.1495879251216,49.6895987945201,50.8142045232771,-0.345574467073801,0.956226373714279,0.131201425485717,0.247859725582029,0.965817026888811,"2020_2024",1
"FNP_UNP","baseline","(before)","eastness","unadjusted",36,299737,77720191,-0.032195544183544,-0.0831870363801234,0.670268191864505,0.660906586242791,0.0760762524844494,1.02853022931032,0.0325073643164602,0.0591031482664396,0.823728904799074,"2020_2024",1
"FNP_UNP","baseline","(before)","elevation","unadjusted",36,299737,77720191,864.770993919126,857.188649771477,495.840058732053,520.857827594855,0.0152919152337927,0.906243344663861,0.112271306312004,0.201765146958838,0.817615114510328,"1993_1997",40
"FNP_UNP","baseline","(before)","northness","unadjusted",36,299737,77720191,0.0769707736659635,0.180554002879091,0.737386899433211,0.723606712995054,-0.140473378755097,1.03845016750541,0.0466673407455043,0.0784534868312893,0.882970419616182,"2020_2024",1
"FNP_UNP","baseline","(before)","pop_density","unadjusted",36,299737,77720191,10.5871341141415,14.9219664699177,50.6133557753417,64.5097565487857,-0.0856460175258328,0.61557285438503,0.109653594125166,0.177830195377587,0.747907302236697,"2020_2024",1
"FNP_UNP","baseline","(before)","ppt_normal","unadjusted",36,299737,77720191,1044.03256713532,1063.68994597053,429.511002423605,542.180024630197,-0.0457668807650705,0.627569112700345,0.0868247593305851,0.197018888076341,0.919629639598417,"2020_2024",1
"FNP_UNP","baseline","(before)","slope","unadjusted",36,299737,77720191,12.5930583307228,12.3343601855948,6.75639912708717,6.84122670056007,0.0382893521033823,0.975354810252756,0.0371411292357506,0.0830059658471897,0.809867305466584,"2020_2024",1
"FNP_UNP","baseline","(before)","tmean_normal","unadjusted",36,299737,77720191,13.6487185476249,13.0350469406007,2.56786243674298,2.52227030887982,0.238981496143773,1.03647839445625,0.129880802920964,0.254838519330366,0.965574785347078,"2020_2024",1
"FNP_UNP","baseline","bart_nocal","city_travel_time","adjusted",36,293976,293976,69.0178148075069,65.6796752274131,49.93087183427,47.8684470866895,0.067179845703684,1.08802687091919,0.0372110382725119,0.0961949274770729,1,"2020_2024",1
"FNP_UNP","baseline","bart_nocal","eastness","adjusted",36,293976,293976,-0.0347833886330443,-0.0392217221425328,0.669750241832889,0.667572135026079,0.00662172778502623,1.00653610292643,0.00460353680963945,0.0128479875908237,1,"2020_2024",1
"FNP_UNP","baseline","bart_nocal","elevation","adjusted",36,293976,293976,867.998362364599,853.79923652826,497.985122767446,500.249720585323,0.0286365040223822,0.990966623741383,0.0267080814294134,0.062335020545895,1,"2020_2024",1
"FNP_UNP","baseline","bart_nocal","northness","adjusted",36,293976,293976,0.0738772235979867,0.0824474795130348,0.738055582456068,0.7388798635901,-0.0116224683699093,0.997770080366247,0.00668137742293653,0.0169061419979863,1,"2020_2024",1
"FNP_UNP","baseline","bart_nocal","pop_density","adjusted",36,293976,293976,10.6682401132511,11.773782611817,50.6028910939787,53.110761695742,-0.0218429005868159,0.907790430390683,0.0560557704418365,0.111369635616513,1,"2020_2024",1
"FNP_UNP","baseline","bart_nocal","ppt_normal","adjusted",36,293976,293976,1045.70781102096,1043.41563823292,431.243355458638,432.160712785559,0.00533670330936295,0.995759060681694,0.0254789897694047,0.0718902223310746,1,"2020_2024",1
"FNP_UNP","baseline","bart_nocal","slope","adjusted",36,293976,293976,12.5869688845127,12.2373929975903,6.77022818896499,6.48104790619478,0.0517399698192647,1.0912296308406,0.0149481896854559,0.0289037200315672,1,"2020_2024",1
"FNP_UNP","baseline","bart_nocal","tmean_normal","adjusted",36,293976,293976,13.6234015400464,13.6531955854208,2.57341840883767,2.57984400214359,-0.0116026641256216,0.995024822262088,0.0301139992516883,0.0793159985849185,1,"2020_2024",1
"FNP_UNP","baseline","elastic_cal025","city_travel_time","adjusted",35,284974,284974,68.5580727066449,65.7863114282969,49.4078835262901,48.1121466202752,0.0557815185791693,1.05458850331326,0.0336651148539137,0.0853025188262789,0.2768,"2018_2022",625
"FNP_UNP","baseline","elastic_cal025","eastness","adjusted",35,284974,284974,-0.0373904259493825,-0.0459961835640042,0.670108170090246,0.664568091861971,0.0128392749634781,1.01674221298628,0.00812106229529728,0.0195737154968523,0.125,"1993_1997",40
"FNP_UNP","baseline","elastic_cal025","elevation","adjusted",35,284974,284974,864.535962802884,852.5417387014,499.206507802718,502.939648876328,0.0241897036962996,0.985209811170624,0.0252431741560436,0.0581070553804908,0.320198128783709,"2019_2023",9085
"FNP_UNP","baseline","elastic_cal025","northness","adjusted",35,284974,284974,0.0780953012558798,0.0940225121984685,0.737167541870536,0.739791570041369,-0.0215995306599983,0.992918614958144,0.00951002428004175,0.021100170541874,0.178861788617886,"2005_2009",123
"FNP_UNP","baseline","elastic_cal025","pop_density","adjusted",35,284974,284974,10.5865774209898,11.6685418644117,50.0317693489547,50.1034718417769,-0.0213770540768813,0.997139871394587,0.055268886508588,0.106620253075719,0.45,"1993_1997",40
"FNP_UNP","baseline","elastic_cal025","ppt_normal","adjusted",35,284974,284974,1045.17468600045,1036.94640777022,431.474739620936,425.633613511367,0.0191573165385826,1.02763506396259,0.0235244541110364,0.0636724753837192,0.40479943948152,"2014_2018",5709
"FNP_UNP","baseline","elastic_cal025","slope","adjusted",35,284974,284974,12.4964430817554,12.1457734334089,6.71702604074935,6.43583543235495,0.051901855078487,1.08929172162848,0.015594189689371,0.0291535368138848,0.134615384615385,"1988_1992",416
"FNP_UNP","baseline","elastic_cal025","tmean_normal","adjusted",35,284974,284974,13.6215752212711,13.6289743272471,2.57399310290503,2.58378742310156,-0.00288142615045234,0.992433002401481,0.0264050639231906,0.0735646058938711,0.45,"1993_1997",40
"FNP_UNP","baseline","elastic_nocal","city_travel_time","adjusted",35,293975,293975,68.9740483645857,65.7576058191046,49.9242283003658,47.8875457713488,0.0647307006599504,1.08686989844789,0.0368245922541931,0.0959979590101199,0.52623688155922,"2006_2010",667
"FNP_UNP","baseline","elastic_nocal","eastness","adjusted",35,293975,293975,-0.0345859625057401,-0.0428106453254839,0.669721312730039,0.667479102115755,0.0122707341920327,1.00672972876303,0.00639398067704768,0.0152802109022876,0.125,"1993_1997",40
"FNP_UNP","baseline","elastic_nocal","elevation","adjusted",35,293975,293975,868.181942141585,852.221913156912,497.943928350755,499.767106910276,0.0321878571599999,0.992717195648483,0.0270095743571671,0.0620699039033932,0.325,"1993_1997",40
"FNP_UNP","baseline","elastic_nocal","northness","adjusted",35,293975,293975,0.0730820219348219,0.0874948895466169,0.738170271935226,0.738163166741398,-0.0195458688279835,1.00001925110421,0.00853728461548573,0.0198928480312952,0.1073756432247,"1997_2001",2915
"FNP_UNP","baseline","elastic_nocal","pop_density","adjusted",35,293975,293975,10.6843183244406,11.7901634604835,50.6709902627831,53.1376487345939,-0.0218488799863707,0.909314499929864,0.0565215926940317,0.111305383110809,0.466266866566717,"2006_2010",667
"FNP_UNP","baseline","elastic_nocal","ppt_normal","adjusted",35,293975,293975,1045.74041112864,1042.49967327921,431.276014081684,431.192410227305,0.00754518005626321,1.0003878173983,0.0257161208853484,0.0721591972106472,0.416666666666667,"2005_2009",204
"FNP_UNP","baseline","elastic_nocal","slope","adjusted",35,293975,293975,12.5860596786379,12.208811430752,6.76785586768938,6.48210625461145,0.0558356960253443,1.09010896395888,0.0160488561209087,0.0293018113785186,0.125,"1993_1997",40
"FNP_UNP","baseline","elastic_nocal","tmean_normal","adjusted",35,293975,293975,13.623591512283,13.6571689189605,2.57327155408841,2.57732815022956,-0.0130760145859187,0.996854569184154,0.0298851745260962,0.0795101624287779,0.525,"1993_1997",40
"FNP_UNP","baseline","glm_nocal","city_travel_time","adjusted",36,293976,293976,68.9775603281242,65.7611429880664,49.9237054666317,47.8947562044641,0.0647301934024163,1.08651991449631,0.036871414069575,0.0961507061800963,1,"2020_2024",1
"FNP_UNP","baseline","glm_nocal","eastness","adjusted",36,293976,293976,-0.0345165183040162,-0.0429637239918706,0.669774919760909,0.667479962497273,0.0126027249843925,1.0068883043728,0.00629318065792979,0.0151781097776689,1,"2020_2024",1
"FNP_UNP","baseline","glm_nocal","elevation","adjusted",36,293976,293976,868.254804146508,852.489178984597,497.94050999407,500.206734491174,0.031795787541302,0.990959374633218,0.0269751676294768,0.0618247748115492,1,"2020_2024",1
"FNP_UNP","baseline","glm_nocal","northness","adjusted",36,293976,293976,0.0731373395671233,0.0870154297242732,0.73811940384908,0.738210168716079,-0.0188206356362138,0.999754109897272,0.00838474852007727,0.0195798296459575,1,"2020_2024",1
"FNP_UNP","baseline","glm_nocal","pop_density","adjusted",36,293976,293976,10.6812708845706,11.8109633131423,50.6665884618875,53.1777190905767,-0.0223200459891688,0.907786907090929,0.0564328441126577,0.111036275070074,1,"2020_2024",1
"FNP_UNP","baseline","glm_nocal","ppt_normal","adjusted",36,293976,293976,1045.74549461695,1042.72492889127,431.275806817879,431.391928032449,0.00703256891822932,0.999461716465297,0.0257274540196226,0.0724548942770839,1,"2020_2024",1
"FNP_UNP","baseline","glm_nocal","slope","adjusted",36,293976,293976,12.5845216253719,12.2155733671197,6.76673449527014,6.48446896667771,0.0546072325379758,1.08895376481372,0.0158666218926465,0.0292166707486326,1,"2020_2024",1
"FNP_UNP","baseline","glm_nocal","tmean_normal","adjusted",36,293976,293976,13.6235412475837,13.655949911133,2.57321386230459,2.57843406021299,-0.0126208721641738,0.995954976174537,0.0298602231987473,0.0794928837728249,1,"2020_2024",1
"FNP_UNP","baseline","mahal_nocal","city_travel_time","adjusted",36,293976,293976,69.0057143654623,65.6667620594784,49.9219573984611,47.9332184362946,0.0671962017602785,1.08470097377537,0.0374936857471409,0.097011320652026,1,"2020_2024",1
"FNP_UNP","baseline","mahal_nocal","eastness","adjusted",36,293976,293976,-0.0349617203378081,-0.0379580795798219,0.669796371472796,0.667413402471316,0.00447038853757731,1.00715365658978,0.00431086368767815,0.0125384385119874,1,"2020_2024",1
"FNP_UNP","baseline","mahal_nocal","elevation","adjusted",36,293976,293976,867.679092325846,853.459782763818,498.177001956337,499.795531014605,0.0286772101439109,0.993533722292519,0.0266511649731487,0.0616785043677035,1,"2020_2024",1
"FNP_UNP","baseline","mahal_nocal","northness","adjusted",36,293976,293976,0.0736733004283667,0.0814020922741116,0.738025677912397,0.73919359107284,-0.0104813251383849,0.996842530743817,0.00650961410504641,0.0159706914850192,1,"2020_2024",1
"FNP_UNP","baseline","mahal_nocal","pop_density","adjusted",36,293976,293976,10.6638260792364,11.7924607855576,50.6347629460404,53.13602332436,-0.0222991479033906,0.908070285099838,0.0565198060425812,0.11144447165755,1,"2020_2024",1
"FNP_UNP","baseline","mahal_nocal","ppt_normal","adjusted",36,293976,293976,1045.60633499999,1043.18634979917,431.431198223662,432.24967956255,0.00563427988378703,0.996216508815835,0.0247790844249651,0.0707710833537431,1,"2020_2024",1
"FNP_UNP","baseline","mahal_nocal","slope","adjusted",36,293976,293976,12.5815427185399,12.244254249612,6.76802227032136,6.4957117434723,0.0499213356972507,1.08560058763985,0.0142992721959307,0.02786962200996,1,"2020_2024",1
"FNP_UNP","baseline","mahal_nocal","tmean_normal","adjusted",36,293976,293976,13.6229313549479,13.6560185228025,2.57321428045404,2.57855160930271,-0.0128851013905937,0.995864496194997,0.0300425830138288,0.0792819822026288,1,"2020_2024",1
"FNP_UNP","baseline","mahal_pscal","city_travel_time","adjusted",36,289487,289487,68.6345906308567,65.630602090067,49.8571415010463,48.0922231025524,0.0604550773938039,1.07474403637961,0.0353431443444177,0.0899764065398446,1,"2020_2024",1
"FNP_UNP","baseline","mahal_pscal","eastness","adjusted",36,289487,289487,-0.0359488506689166,-0.0473888527015277,0.669615662020534,0.665113708291672,0.0170677978926438,1.01358321097526,0.00751489314392026,0.0171475748479206,1,"2020_2024",1
"FNP_UNP","baseline","mahal_pscal","elevation","adjusted",36,289487,289487,868.486850227551,855.439231540659,500.180111951626,502.387881255935,0.0263141681619206,0.99123020953015,0.0243583954325832,0.0540542407776515,1,"2020_2024",1
"FNP_UNP","baseline","mahal_pscal","northness","adjusted",36,289487,289487,0.0726991619121515,0.09022634027389,0.738238377264799,0.739717481845636,-0.0237693107583152,0.996004891481332,0.00899989570805016,0.020187435014353,1,"2020_2024",1
"FNP_UNP","baseline","mahal_pscal","pop_density","adjusted",36,289487,289487,10.5620927808594,11.5154653303587,50.0055053455903,50.0433578183547,-0.018836382905157,0.998487785043572,0.055006430965167,0.107362334059906,1,"2020_2024",1
"FNP_UNP","baseline","mahal_pscal","ppt_normal","adjusted",36,289487,289487,1044.89721689555,1037.75403700952,432.255379794531,427.95520880879,0.0166309590341713,1.02019732599539,0.0225907897523767,0.0624242193949988,1,"2020_2024",1
"FNP_UNP","baseline","mahal_pscal","slope","adjusted",36,289487,289487,12.5307122097702,12.1542899644243,6.752227206514,6.46220862241362,0.0557134411785631,1.09177248790669,0.0164105277044529,0.0300911612611275,1,"2020_2024",1
"FNP_UNP","baseline","mahal_pscal","tmean_normal","adjusted",36,289487,289487,13.6223146936322,13.6339699697125,2.57939414474582,2.58640427951358,-0.00453890205080953,0.99458658898484,0.0273967318405992,0.0742313126323462,1,"2020_2024",1
"FNP_UNP","baseline","nn_exact_1to1","city_travel_time","adjusted",36,293976,293976,69.0057143654623,64.9185094031418,49.9219573984611,46.2434286554738,0.0822547386470581,1.16542185237928,0.0993762549652078,0.231988325577598,1,"2020_2024",1
"FNP_UNP","baseline","nn_exact_1to1","eastness","adjusted",36,293976,293976,-0.0349617203378081,-0.0317747183430978,0.669796371472796,0.672142975941026,-0.00475481610703467,0.993029732404241,0.0371306747918006,0.0716453043785888,1,"2020_2024",1
"FNP_UNP","baseline","nn_exact_1to1","elevation","adjusted",36,293976,293976,867.679092325846,925.932014599901,498.177001956337,604.374986135887,-0.117483291735276,0.679445124326296,0.0925922914353829,0.208894603641114,1,"2020_2024",1
"FNP_UNP","baseline","nn_exact_1to1","northness","adjusted",36,293976,293976,0.0736733004283667,-0.00939875757321077,0.738025677912397,0.739626668558623,0.112657355406545,0.995675499633246,0.0408809728383799,0.0786084578332925,1,"2020_2024",1
"FNP_UNP","baseline","nn_exact_1to1","pop_density","adjusted",36,293976,293976,10.6638260792364,44.7202536924148,50.6347629460404,178.910973215499,-0.67287432519482,0.0800983566571495,0.139714000906202,0.235696111247177,1,"2020_2024",1
"FNP_UNP","baseline","nn_exact_1to1","ppt_normal","adjusted",36,293976,293976,1045.60633499999,1027.41510458452,431.431198223662,420.305015545424,0.0423533513992005,1.0536441235395,0.072680874708216,0.189134487169021,1,"2020_2024",1
"FNP_UNP","baseline","nn_exact_1to1","slope","adjusted",36,293976,293976,12.5815427185399,10.9261051194461,6.76802227032136,6.47228985708626,0.245017733256305,1.09347193499677,0.0735949288284549,0.133276185811086,1,"2020_2024",1
"FNP_UNP","baseline","nn_exact_1to1","tmean_normal","adjusted",36,293976,293976,13.6229313549479,12.6718217773092,2.57321428045404,3.10502062444268,0.370389614345954,0.686788362285701,0.130525499381554,0.285917898059706,1,"2020_2024",1
"FNP_UNP","baseline","rmahal_cal025","city_travel_time","adjusted",35,173680,173680,66.0596051041714,65.1406327846149,47.4170234747588,47.08968476273,0.0184942591981223,1.0139510996104,0.0210200560516604,0.0582911100875173,0.401913875598086,"2006_2010",209
"FNP_UNP","baseline","rmahal_cal025","eastness","adjusted",35,173680,173680,-0.0427139152804687,-0.0438739702266277,0.664354191575538,0.663504394080711,0.00173073250415194,1.0025631833055,0.00208849675213943,0.00807231690465224,0.111111111111111,"1993_1997",18
"FNP_UNP","baseline","rmahal_cal025","elevation","adjusted",35,173680,173680,790.406924191953,782.913394049113,482.440585975191,482.671011666223,0.0151127969813529,0.999045433915865,0.011656684845387,0.0338726393367112,0.2375,"2005_2009",80
"FNP_UNP","baseline","rmahal_cal025","northness","adjusted",35,173680,173680,0.107311049425005,0.10849834031372,0.738439768322076,0.738962126944604,-0.00161013287546546,0.998586736773977,0.002110572936554,0.00869415016121605,0.111111111111111,"1993_1997",18
"FNP_UNP","baseline","rmahal_cal025","pop_density","adjusted",35,173680,173680,6.95837645025349,7.34486510004448,26.6171173021814,26.6779548599359,-0.00763610007418788,0.995444314245264,0.0339737341276364,0.0772339935513588,0.423901247965274,"2011_2015",7372
"FNP_UNP","baseline","rmahal_cal025","ppt_normal","adjusted",35,173680,173680,1004.02818430888,1001.55317923837,385.890007747633,386.759700037128,0.00576237874359714,0.995507730164719,0.0167085763233374,0.0507945647167204,0.375,"2005_2009",80
"FNP_UNP","baseline","rmahal_cal025","slope","adjusted",35,173680,173680,11.6216072688101,11.5598992917274,6.10859369967863,6.06555534924937,0.00913326402452009,1.01424141334745,0.00390824380784633,0.0120508982035928,0.111111111111111,"1993_1997",18
"FNP_UNP","baseline","rmahal_cal025","tmean_normal","adjusted",35,173680,173680,13.7246002578436,13.7140562892468,2.52920833246783,2.52891673483942,0.00410612673246496,1.00023062399467,0.0183129738132513,0.0589590050667895,0.2375,"2005_2009",80
"FNP_UNP","baseline","rmahal_nocal","city_travel_time","adjusted",36,293976,293976,69.0057143654623,65.299482999958,49.9219573984611,47.0693737509687,0.0745876693597493,1.12488045367795,0.0394499277764801,0.0916231256973359,1,"2020_2024",1
"FNP_UNP","baseline","rmahal_nocal","eastness","adjusted",36,293976,293976,-0.0349617203378081,-0.0426542422421983,0.669796371472796,0.667242018242447,0.0114767819773629,1.00767110727766,0.00579158448870768,0.0151168802895474,1,"2020_2024",1
"FNP_UNP","baseline","rmahal_nocal","elevation","adjusted",36,293976,293976,867.679092325846,862.651930955853,498.177001956337,520.095331622375,0.0101386753277845,0.917490208863223,0.0301207317458267,0.0684919857403326,1,"2020_2024",1
"FNP_UNP","baseline","rmahal_nocal","northness","adjusted",36,293976,293976,0.0736733004283667,0.0843654940026608,0.738025677912397,0.738766743591167,-0.0145001132817964,0.997994782522868,0.00707925111078009,0.0181919612485373,1,"2020_2024",1
"FNP_UNP","baseline","rmahal_nocal","pop_density","adjusted",36,293976,293976,10.6638260792364,13.0209960811632,50.6347629460404,67.8971686466502,-0.0465720947725665,0.55615293514349,0.0334845946645283,0.0707506735243693,1,"2020_2024",1
"FNP_UNP","baseline","rmahal_nocal","ppt_normal","adjusted",36,293976,293976,1045.60633499999,1046.36384181419,431.431198223662,440.569377427753,-0.0017636493825012,0.958946723216709,0.0264027563578739,0.0758905488883447,1,"2020_2024",1
"FNP_UNP","baseline","rmahal_nocal","slope","adjusted",36,293976,293976,12.5815427185399,12.1087065085545,6.76802227032136,6.35081839469735,0.0699834632459334,1.13570142352825,0.0204187173786181,0.0411360111029472,1,"2020_2024",1
"FNP_UNP","baseline","rmahal_nocal","tmean_normal","adjusted",36,293976,293976,13.6229313549479,13.5846379653062,2.57321428045404,2.6819251277748,0.0149125549304535,0.920573792953148,0.0299073315237636,0.0820543173592402,1,"2020_2024",1
"FP_UP","augmented","(before)","agb_pre5","unadjusted",36,299945,196017837,7551.53714180933,7542.06204056828,4790.37456122587,6157.07904354685,0.00197794579942571,0.605326221028885,0.0545144496529066,0.132813977533696,0.507450900062512,"1993_1997",38
"FP_UP","augmented","(before)","ch_pre5","unadjusted",36,299945,196017837,9.68119762215825,10.1228137360934,6.83833839796693,8.00612913297216,-0.0645794472625714,0.729551567835437,0.0599421410962541,0.142382686376603,0.6,"2020_2024",1
"FP_UP","augmented","(before)","city_travel_time","unadjusted",36,299945,196017837,104.741659032856,127.223341710374,61.6116966007812,58.2757295392232,-0.364893095270369,1.11776600759648,0.133981298973564,0.237024916766871,0.963082901554404,"2020_2024",1
"FP_UP","augmented","(before)","eastness","unadjusted",36,299945,196017837,-0.0599068409318078,-0.124891122069223,0.670184186468208,0.669545721766497,0.096964808256481,1.00190806719898,0.0304612915370004,0.0527258403933506,0.781217616580311,"2020_2024",1
"FP_UP","augmented","(before)","elevation","unadjusted",36,299945,196017837,1415.33669409831,1808.22751315824,539.360494854802,729.500786156742,-0.728438257543682,0.546646710154193,0.158236642692144,0.29332609181434,0.73175129556862,"1988_1992",430
"FP_UP","augmented","(before)","gpp_pre5","unadjusted",36,299945,196017837,1196.14010768641,956.703998210122,358.373311392131,381.715115454073,0.668119254043157,0.881439692653859,0.0891365386709589,0.249840156017529,0.892487046632124,"2020_2024",1
"FP_UP","augmented","(before)","northness","unadjusted",36,299945,196017837,0.0619498453532709,0.074284275160575,0.73716790261867,0.728340936112762,-0.0167321851147995,1.02438543351728,0.021534548427993,0.0416684288806664,0.9360103626943,"2020_2024",1
"FP_UP","augmented","(before)","pop_density","unadjusted",36,299945,196017837,0.895152293719698,0.989996273758504,10.3623305011959,11.4476981111665,-0.00915276539653508,0.819367140846961,0.049190616144869,0.0884589798158179,0.887564766839378,"2020_2024",1
"FP_UP","augmented","(before)","ppt_normal","unadjusted",36,299945,196017837,1161.59370215055,1169.30256227433,579.984169984379,600.3230646436,-0.0132915009111174,0.933388017814638,0.0798496611042385,0.173690286252874,0.981476683937824,"2020_2024",1
"FP_UP","augmented","(before)","slope","unadjusted",36,299945,196017837,15.6868492141746,13.3231836873923,7.63300465117308,8.26307192109468,0.309663839444799,0.853312265784684,0.0584177058619226,0.137943868088205,0.699870466321244,"2020_2024",1
"FP_UP","augmented","(before)","tmean_normal","unadjusted",36,299945,196017837,11.3735358490752,8.70936826657083,2.97848014134777,3.42387948210288,0.894472165692806,0.756750085656802,0.20571394693436,0.365885718959425,0.851165803108808,"2020_2024",1
"FP_UP","augmented","bart_cal025","agb_pre5","adjusted",35,262665,262665,7596.48010203111,7527.41346201435,4893.5966849565,4832.92826313958,0.0144177953381329,1.02526385994937,0.00796612612669132,0.0246092932061752,0.153846153846154,"2006_2010",143
"FP_UP","augmented","bart_cal025","ch_pre5","adjusted",35,262665,262665,9.85009605662842,9.78270725353932,6.87521204755378,6.79009289729911,0.00985455810568502,1.025228717565,0.00812439911274996,0.0222450650067577,0.111888111888112,"2006_2010",143
"FP_UP","augmented","bart_cal025","city_travel_time","adjusted",35,262665,262665,106.113969529058,102.656868736867,59.3664160743139,58.7137211908784,0.056111111735664,1.02235670751541,0.0291647037739647,0.0667884948508557,0.369047619047619,"1990_1994",252
"FP_UP","augmented","bart_cal025","eastness","adjusted",35,262665,262665,-0.0727233336147643,-0.0736584505809536,0.669452138469283,0.666648212490485,0.00139531338558913,1.00842970127288,0.00845253404725698,0.0193021529324424,0.118881118881119,"2006_2010",143
"FP_UP","augmented","bart_cal025","elevation","adjusted",35,262665,262665,1444.19553930012,1423.40762597649,546.486063750452,554.543908721483,0.0385417796110958,0.971149976540181,0.0222600771708021,0.0507833171530276,0.421052631578947,"1993_1997",38
"FP_UP","augmented","bart_cal025","gpp_pre5","adjusted",35,262665,262665,1183.7960984524,1185.06605828717,358.302610786414,347.059452690676,-0.00354367860107005,1.06584043032095,0.0105891222200704,0.0286486589381912,0.236842105263158,"1993_1997",38
"FP_UP","augmented","bart_cal025","northness","adjusted",35,262665,262665,0.0627595279602412,0.0692665560033701,0.736610437158683,0.738474967282492,-0.0088270637123697,0.994956697552468,0.00818848558635105,0.018392248681781,0.202797202797203,"2006_2010",143
"FP_UP","augmented","bart_cal025","pop_density","adjusted",35,262665,262665,0.727036083874306,0.855635997563782,7.26197242819434,7.5175030186658,-0.0124103273558622,0.933172579714375,0.0565370508844962,0.106626311080654,0.265734265734266,"2006_2010",143
"FP_UP","augmented","bart_cal025","ppt_normal","adjusted",35,262665,262665,1167.33783619789,1165.32417413478,580.649693042973,593.76404525695,0.00347192590302007,0.956314211914134,0.0224015403646132,0.0631602992404774,0.526315789473684,"1993_1997",38
"FP_UP","augmented","bart_cal025","slope","adjusted",35,262665,262665,15.6073487729567,15.3167757948066,7.71208648652433,7.33237417689377,0.0380679681762571,1.10625321042696,0.0170000039573244,0.0350560600003807,0.263157894736842,"1993_1997",38
"FP_UP","augmented","bart_cal025","tmean_normal","adjusted",35,262665,262665,11.130323527994,11.2609382846487,2.96354816271234,3.03173930382427,-0.0438528210550921,0.955521077108477,0.0292522784866598,0.0749167190147146,0.368421052631579,"1993_1997",38
"FP_UP","augmented","bart_nocal","agb_pre5","adjusted",36,290862,290862,7539.96440786352,7560.75055868419,4824.85389326964,4880.23590603424,-0.0043391493827879,0.977432333162854,0.00854671605196379,0.0258576232027559,1,"2020_2024",1
"FP_UP","augmented","bart_nocal","ch_pre5","adjusted",36,290862,290862,9.66652068943329,9.72967531252447,6.87587991590084,6.91880884179307,-0.00923537552776766,0.987629157862065,0.00823307114674119,0.0230865496352222,1,"2020_2024",1
"FP_UP","augmented","bart_nocal","city_travel_time","adjusted",36,290862,290862,105.348543244607,102.447015331725,62.199677800587,60.4612879257051,0.0470937836963453,1.05833091314351,0.0284586678556043,0.0662204069283715,1,"2020_2024",1
"FP_UP","augmented","bart_nocal","eastness","adjusted",36,290862,290862,-0.0652780538170659,-0.0708642704408783,0.670578219568281,0.667730365293778,0.00833534532238228,1.00854814289878,0.00508654010931503,0.0138691200638104,1,"2020_2024",1
"FP_UP","augmented","bart_nocal","elevation","adjusted",36,290862,290862,1426.02377951659,1420.48959490902,540.242083099324,578.888670691922,0.0102606413713275,0.870936962287403,0.028082150147671,0.0618987698633716,1,"2020_2024",1
"FP_UP","augmented","bart_nocal","gpp_pre5","adjusted",36,290862,290862,1192.52334165343,1187.8768666928,358.215513123184,355.065008035703,0.0129654603535688,1.01782480554581,0.00951180061260561,0.0241660993873383,1,"2020_2024",1
"FP_UP","augmented","bart_nocal","northness","adjusted",36,290862,290862,0.0571424980546825,0.0648906491099351,0.736741489238193,0.738166535466138,-0.0105107005171123,0.996142684290098,0.00623868826788815,0.0149796123247451,1,"2020_2024",1
"FP_UP","augmented","bart_nocal","pop_density","adjusted",36,290862,290862,0.903971081107837,0.940449989696993,10.4087128765713,9.9562829927155,-0.00352033826608271,1.09294823448243,0.0527884539299231,0.101357344720177,1,"2020_2024",1
"FP_UP","augmented","bart_nocal","ppt_normal","adjusted",36,290862,290862,1166.87817799455,1154.56775724008,586.071368215618,588.692161458128,0.0212254426785503,0.991116037647539,0.0300228575294319,0.0829465519731007,1,"2020_2024",1
"FP_UP","augmented","bart_nocal","slope","adjusted",36,290862,290862,15.6941653700824,15.4043405681362,7.68915299682776,7.44182255451776,0.0379699496058453,1.06757497333916,0.0132744916417353,0.0257991762416541,1,"2020_2024",1
"FP_UP","augmented","bart_nocal","tmean_normal","adjusted",36,290862,290862,11.3136679072929,11.3281549569594,2.98562913180578,3.12838134185438,-0.00486390675074461,0.910819552986106,0.0350836810642175,0.0894272885423329,1,"2020_2024",1
"FP_UP","augmented","elastic_cal025","agb_pre5","adjusted",35,287456,287456,7542.5538064956,7653.91667803072,4840.07125825078,4930.07556557985,-0.0232472158725358,0.963820943883464,0.0108076592475599,0.0319944617611043,0.178807947019868,"2006_2010",151
"FP_UP","augmented","elastic_cal025","ch_pre5","adjusted",35,287456,287456,9.69929561658594,9.87567488871964,6.87730096777445,6.96385675244673,-0.0257927089694973,0.975295910205967,0.0119494582810624,0.0320849103862852,0.132450331125828,"2006_2010",151
"FP_UP","augmented","elastic_cal025","city_travel_time","adjusted",35,287456,287456,105.723118874379,101.970348250593,61.8914039532976,60.6570765074082,0.060910035445098,1.04111264014493,0.0314482804577267,0.0695375987977291,0.399882214369847,"2014_2018",1698
"FP_UP","augmented","elastic_cal025","eastness","adjusted",35,287456,287456,-0.0673089395275581,-0.0748438315090766,0.670445988635643,0.666457475630486,0.0112430166716206,1.01200511082387,0.00609484827851034,0.0163155404653234,0.131578947368421,"1993_1997",38
"FP_UP","augmented","elastic_cal025","elevation","adjusted",35,287456,287456,1428.73592384533,1404.64313359863,540.848112319892,582.634334678514,0.0446691785485556,0.861704752982768,0.0309154533175211,0.0699515751975955,0.394736842105263,"1993_1997",38
"FP_UP","augmented","elastic_cal025","gpp_pre5","adjusted",35,287456,287456,1190.21935113548,1189.83835856618,358.131886267594,355.797934809519,0.00106311646873872,1.01316256401487,0.00786177652071127,0.0224451742179673,0.205298013245033,"2006_2010",151
"FP_UP","augmented","elastic_cal025","northness","adjusted",35,287456,287456,0.0594590486529831,0.0709398757443249,0.736495648350756,0.738360331721017,-0.0155742362771873,0.994955501483579,0.00881157308652373,0.0187889624846933,0.131578947368421,"1993_1997",38
"FP_UP","augmented","elastic_cal025","pop_density","adjusted",35,287456,287456,0.869764982389975,0.934887932040541,9.83349811394482,9.09560471908472,-0.00628458527191843,1.16883422815801,0.0580166475971751,0.106419765111878,0.289902280130293,"1990_1994",307
"FP_UP","augmented","elastic_cal025","ppt_normal","adjusted",35,287456,287456,1169.60741651296,1153.92209303964,587.784521960919,590.460717620362,0.0270443992872011,0.990955771300564,0.0323280514838578,0.0876934209061561,0.578947368421053,"1993_1997",38
"FP_UP","augmented","elastic_cal025","slope","adjusted",35,287456,287456,15.6608802484634,15.3298033399442,7.68636244006134,7.4408673343065,0.0433743884157498,1.06707414094675,0.0159790343612257,0.0300324223533341,0.289473684210526,"1993_1997",38
"FP_UP","augmented","elastic_cal025","tmean_normal","adjusted",35,287456,287456,11.2837934794878,11.3694101470069,2.98037710091448,3.13649053882725,-0.0287450859015395,0.90293080964283,0.0334088745004258,0.090518201046421,0.526315789473684,"1993_1997",38
"FP_UP","augmented","elastic_nocal","agb_pre5","adjusted",35,290861,290861,7537.13669759782,7570.91317364652,4824.95634935047,4886.29961765069,-0.00705090502151768,0.975049334992135,0.0087026533649936,0.0262909087158471,0.165562913907285,"2006_2010",151
"FP_UP","augmented","elastic_nocal","ch_pre5","adjusted",35,290861,290861,9.65757623321958,9.74367103451944,6.88020361555039,6.92625226531388,-0.0125900176752671,0.986747356991548,0.00829347011168459,0.0231588284438271,0.145695364238411,"2006_2010",151
"FP_UP","augmented","elastic_nocal","city_travel_time","adjusted",35,290861,290861,105.360306982128,102.606213418225,62.1907128111544,60.5182963325359,0.0447008233152232,1.05603346770504,0.0277529988329472,0.0649210447602119,0.365667254556144,"2014_2018",1701
"FP_UP","augmented","elastic_nocal","eastness","adjusted",35,290861,290861,-0.0651496959387046,-0.0722627953247413,0.670676844510522,0.667837589430892,0.0106136485009021,1.00852090553508,0.00529551626851796,0.0143298689064536,0.131578947368421,"1993_1997",38
"FP_UP","augmented","elastic_nocal","elevation","adjusted",35,290861,290861,1426.09784492964,1422.35450941805,540.199394758854,579.777456594828,0.00694032200595508,0.868131544486264,0.0280464434519079,0.0617511457362795,0.342105263157895,"1993_1997",38
"FP_UP","augmented","elastic_nocal","gpp_pre5","adjusted",35,290861,290861,1192.58667748512,1185.50656086584,358.33049124609,354.181563087241,0.0197562608436866,1.02356547675826,0.00948631590150065,0.0241214875834161,0.198675496688742,"2006_2010",151
"FP_UP","augmented","elastic_nocal","northness","adjusted",35,290861,290861,0.0566928882096947,0.0666209405454005,0.736697810434692,0.737775054567466,-0.0134678304636407,0.99708188106843,0.00668558232791146,0.0154266127119139,0.105263157894737,"1993_1997",38
"FP_UP","augmented","elastic_nocal","pop_density","adjusted",35,290861,290861,0.903098275683074,0.941688326251595,10.4082134233992,10.1667593090587,-0.00372407061944879,1.04806276971738,0.0516953293997622,0.0999515232361851,0.342105263157895,"1993_1997",38
"FP_UP","augmented","elastic_nocal","ppt_normal","adjusted",35,290861,290861,1166.83933386184,1154.67927525585,586.103784336743,588.730818805604,0.0209661905191695,0.991095511874168,0.0300382248335159,0.0833765956934756,0.526315789473684,"1993_1997",38
"FP_UP","augmented","elastic_nocal","slope","adjusted",35,290861,290861,15.6919605431333,15.3904102375564,7.69078494313322,7.42418900223029,0.0395061079296568,1.07310766223575,0.013392299637362,0.0260983768879293,0.289473684210526,"1993_1997",38
"FP_UP","augmented","elastic_nocal","tmean_normal","adjusted",35,290861,290861,11.3141893575555,11.3156698361932,2.98583975574731,3.12895540842107,-0.000497058421537389,0.910613835775992,0.034907717199114,0.0881795771863536,0.447368421052632,"1993_1997",38
"FP_UP","augmented","glm_cal025","agb_pre5","adjusted",35,289546,289546,7536.76881877146,8125.97246447887,4829.48835938438,5666.43169152052,-0.122997406189598,0.726411869241794,0.0346120574798164,0.077859821928122,0.263157894736842,"1993_1997",38
"FP_UP","augmented","glm_cal025","ch_pre5","adjusted",35,289546,289546,9.67468844593254,10.4548377822579,6.87784161274865,7.79402879301313,-0.114084634442386,0.778718207284318,0.0370157162111934,0.0780152376479041,0.241379310344828,"1985_1989",348
"FP_UP","augmented","glm_cal025","city_travel_time","adjusted",35,289546,289546,105.489984793948,100.611537814055,62.203632053428,62.0683716975216,0.0791805330650679,1.00436317992347,0.0453369159604727,0.0980742265477678,0.528512639623751,"2014_2018",1701
"FP_UP","augmented","glm_cal025","eastness","adjusted",35,289546,289546,-0.0664435577409119,-0.0565520476301014,0.670584125014299,0.667355328319517,-0.0147593904937352,1.00969980259401,0.0139488570799576,0.0302438990695779,0.289473684210526,"1993_1997",38
"FP_UP","augmented","glm_cal025","elevation","adjusted",35,289546,289546,1427.17975235894,1374.9857337576,540.353151065087,624.834276605686,0.0967701919203222,0.747869264941226,0.0608582042560961,0.115681100757738,0.447368421052632,"1993_1997",38
"FP_UP","augmented","glm_cal025","gpp_pre5","adjusted",35,289546,289546,1191.67524400268,1213.8770917229,358.32722330418,398.573670695469,-0.0619517330517135,0.808243825878345,0.0244570586246072,0.0559323907082122,0.33112582781457,"2006_2010",151
"FP_UP","augmented","glm_cal025","northness","adjusted",35,289546,289546,0.0580524138048723,0.0587922711367288,0.736560733541216,0.7402255236207,-0.00100364832655925,0.990122691154046,0.0192951244989814,0.0369578581641604,0.157894736842105,"1993_1997",38
"FP_UP","augmented","glm_cal025","pop_density","adjusted",35,289546,289546,0.865752297935337,1.38174801103287,9.84381638093075,13.5173635537425,-0.049795334460524,0.530326121847403,0.0847083399591347,0.136012930587886,0.34375,"1986_1990",128
"FP_UP","augmented","glm_cal025","ppt_normal","adjusted",35,289546,289546,1167.41333848277,1158.16003756723,586.880454346882,601.720598211567,0.0159544025413484,0.951282559382505,0.0411156208142753,0.106204195533698,0.549668874172185,"2006_2010",151
"FP_UP","augmented","glm_cal025","slope","adjusted",35,289546,289546,15.6822574187655,15.247354828095,7.69004323458306,8.06104913524248,0.0569765918593662,0.91006922034339,0.0290729787337578,0.0560532696013759,0.262198706643151,"2014_2018",1701
"FP_UP","augmented","glm_cal025","tmean_normal","adjusted",35,289546,289546,11.3051354893121,11.486194337516,2.98585350075895,3.2623331461723,-0.0607890063426554,0.837684295588971,0.0589433402404611,0.132849357269657,0.372134038800705,"2014_2018",1701
"FP_UP","augmented","glm_nocal","agb_pre5","adjusted",36,290862,290862,7537.52257702966,7569.60497074214,4825.03549129485,4884.81560500108,-0.00669726204129464,0.975673873659207,0.00869152705419643,0.0263767697396016,1,"2020_2024",1
"FP_UP","augmented","glm_nocal","ch_pre5","adjusted",36,290862,290862,9.65931294142453,9.7417127735833,6.87936713825243,6.92472707709711,-0.0120496862488224,0.986942048461128,0.00825070362968421,0.0232034435574259,1,"2020_2024",1
"FP_UP","augmented","glm_nocal","city_travel_time","adjusted",36,290862,290862,105.364910985366,102.555477719362,62.1877060039722,60.5004384528319,0.0455990245522325,1.05655480490414,0.0279104188301253,0.0651408571762554,1,"2020_2024",1
"FP_UP","augmented","glm_nocal","eastness","adjusted",36,290862,290862,-0.0651814979964856,-0.0723153498018866,0.670705400690945,0.667748249982741,0.0106446137486406,1.00887669459355,0.00533652918675913,0.0143779524310498,1,"2020_2024",1
"FP_UP","augmented","glm_nocal","elevation","adjusted",36,290862,290862,1426.18161423135,1421.61551561131,540.131668318402,579.7235072748,0.00846576392522702,0.868075421946916,0.02805673889793,0.0621153674251019,1,"2020_2024",1
"FP_UP","augmented","glm_nocal","gpp_pre5","adjusted",36,290862,290862,1192.6247326911,1185.72467699459,358.325505777541,354.244311367312,0.0192538213007859,1.02317442333507,0.0095022619294044,0.0240767099174179,1,"2020_2024",1
"FP_UP","augmented","glm_nocal","northness","adjusted",36,290862,290862,0.0566742718399503,0.0669446090459285,0.736670431644451,0.73782380038769,-0.0139321546278595,0.996876036615766,0.00671335560065111,0.0156259669534006,1,"2020_2024",1
"FP_UP","augmented","glm_nocal","pop_density","adjusted",36,290862,290862,0.901079138558449,0.9439540154275,10.3967201531816,10.1671761115729,-0.00413757087405226,1.04566366189829,0.0520482148177288,0.100415317229477,1,"2020_2024",1
"FP_UP","augmented","glm_nocal","ppt_normal","adjusted",36,290862,290862,1166.86180785255,1154.52783182109,586.092156491544,588.658231374393,0.0212660563335558,0.991300616424078,0.0300690626704818,0.0833625568138843,1,"2020_2024",1
"FP_UP","augmented","glm_nocal","slope","adjusted",36,290862,290862,15.691935093689,15.4030221551302,7.69084125579312,7.42618098538553,0.0378504863762164,1.07254774958779,0.0130794028077413,0.0258301187504727,1,"2020_2024",1
"FP_UP","augmented","glm_nocal","tmean_normal","adjusted",36,290862,290862,11.3138817739766,11.3181891276816,2.98542749767596,3.12830457683487,-0.00144615827556147,0.910741228399698,0.0348846296393407,0.0883614910163583,1,"2020_2024",1
"FP_UP","augmented","mahal_nocal","agb_pre5","adjusted",36,290862,290862,7538.19255591999,7550.21261904271,4825.06513537638,4868.86159816202,-0.00250921153849005,0.982090481489122,0.00804362888142423,0.0243208119314314,1,"2020_2024",1
"FP_UP","augmented","mahal_nocal","ch_pre5","adjusted",36,290862,290862,9.66543893933642,9.71403229286267,6.87522911254373,6.90600619704137,-0.00710601767538989,0.991106725496514,0.00776233300301811,0.0216184994946057,1,"2020_2024",1
"FP_UP","augmented","mahal_nocal","city_travel_time","adjusted",36,290862,290862,105.406107875625,102.361755461241,62.1714513710903,60.5230749860629,0.0494119230981521,1.05521277844291,0.0291465312654702,0.0671589963625362,1,"2020_2024",1
"FP_UP","augmented","mahal_nocal","eastness","adjusted",36,290862,290862,-0.0661458773847659,-0.0697756323665938,0.670512525277012,0.667630930281042,0.00541605584720856,1.00865092841744,0.00506736773300843,0.0142541823957753,1,"2020_2024",1
"FP_UP","augmented","mahal_nocal","elevation","adjusted",36,290862,290862,1426.0910065388,1419.4378842414,540.230342274492,577.607639076554,0.0123352050453478,0.874766391574405,0.0279154729516972,0.0617062386973892,1,"2020_2024",1
"FP_UP","augmented","mahal_nocal","gpp_pre5","adjusted",36,290862,290862,1192.40214741011,1188.48730669527,358.186492636789,354.543179987222,0.0109239181333945,1.02065774966237,0.00941515267356318,0.0245924183977281,1,"2020_2024",1
"FP_UP","augmented","mahal_nocal","northness","adjusted",36,290862,290862,0.0568753500343012,0.065407073295522,0.736744549040621,0.738316917841314,-0.0115736499526271,0.995745202494586,0.00657997059248162,0.0151824576603338,1,"2020_2024",1
"FP_UP","augmented","mahal_nocal","pop_density","adjusted",36,290862,290862,0.90445824805928,0.946839334064839,10.3984865466273,10.2128431915447,-0.0040899183828067,1.03668530146621,0.052658304177236,0.101604884790726,1,"2020_2024",1
"FP_UP","augmented","mahal_nocal","ppt_normal","adjusted",36,290862,290862,1166.91582009613,1154.33397603377,586.058584059626,588.764318254276,0.0216934266718059,0.990829889466856,0.0301878964178623,0.0832869195701054,1,"2020_2024",1
"FP_UP","augmented","mahal_nocal","slope","adjusted",36,290862,290862,15.6959565115375,15.4104629509962,7.69157310525312,7.43835280583388,0.0374025136349607,1.06924394019087,0.0135821442718361,0.0264799114356637,1,"2020_2024",1
"FP_UP","augmented","mahal_nocal","tmean_normal","adjusted",36,290862,290862,11.3121963281127,11.3379332788156,2.98389357453176,3.1267113372196,-0.00864096770212817,0.910733017722997,0.0352342570734555,0.0907268739127147,1,"2020_2024",1
"FP_UP","augmented","mahal_pscal","agb_pre5","adjusted",35,289701,289701,7536.76127455549,7601.32049181743,4828.73646784155,4904.62411162753,-0.0134768620776525,0.969294058124104,0.0100066367006636,0.0298031418600557,0.158940397350993,"2006_2010",151
"FP_UP","augmented","mahal_pscal","ch_pre5","adjusted",35,289701,289701,9.67484378985904,9.79254120907774,6.87679493642869,6.9418397231218,-0.0172114061003024,0.981347868683819,0.0104497161591317,0.0282567198594413,0.145695364238411,"2006_2010",151
"FP_UP","augmented","mahal_pscal","city_travel_time","adjusted",35,289701,289701,105.486497959682,102.177158325651,62.1992269224805,60.7033566161512,0.053712847017898,1.04989184232769,0.0297314381372935,0.0677353547278056,0.38506760728983,"2014_2018",1701
"FP_UP","augmented","mahal_pscal","eastness","adjusted",35,289701,289701,-0.0664926909730681,-0.0732861943296661,0.670581897248189,0.666895483636784,0.0101367705979441,1.01108600204697,0.00531194713644282,0.0147117200147739,0.131578947368421,"1993_1997",38
"FP_UP","augmented","mahal_pscal","elevation","adjusted",35,289701,289701,1427.13257504825,1413.2496917166,540.33585098459,580.765864094265,0.0257395257236847,0.865616256296653,0.0284689064976233,0.0652258708116299,0.342105263157895,"1993_1997",38
"FP_UP","augmented","mahal_pscal","gpp_pre5","adjusted",35,289701,289701,1191.73392842966,1188.38089616536,358.31519197298,354.307829047143,0.00935625549590737,1.02274872318542,0.00748519366740518,0.0203623736196976,0.198675496688742,"2006_2010",151
"FP_UP","augmented","mahal_pscal","northness","adjusted",35,289701,289701,0.0580022222104274,0.0696803497928498,0.736562285848347,0.738245827584048,-0.0158418828884678,0.995444276022465,0.00750695978486212,0.0167206878816435,0.105263157894737,"1993_1997",38
"FP_UP","augmented","mahal_pscal","pop_density","adjusted",35,289701,289701,0.866081336000511,0.919126806023134,9.84321932832516,9.46359189005743,-0.00511906757041778,1.08183821298318,0.0551205907506112,0.104569884121905,0.342105263157895,"1993_1997",38
"FP_UP","augmented","mahal_pscal","ppt_normal","adjusted",35,289701,289701,1167.34107230434,1153.80280802814,586.768679153312,589.413687803281,0.0233424720481086,0.991045087912347,0.0305008991266557,0.0849703659980462,0.526315789473684,"1993_1997",38
"FP_UP","augmented","mahal_pscal","slope","adjusted",35,289701,289701,15.682886077206,15.3915780922298,7.69021656411791,7.42960884321549,0.0381642614263869,1.07138420966356,0.0138706037863036,0.0269760891401825,0.289473684210526,"1993_1997",38
"FP_UP","augmented","mahal_pscal","tmean_normal","adjusted",35,289701,289701,11.3053739456632,11.3544848232841,2.98561710060269,3.1253088627152,-0.016488569770581,0.912603924589001,0.0333558809314903,0.0867549646014338,0.447368421052632,"1993_1997",38
"FP_UP","augmented","nn_exact_1to1","agb_pre5","adjusted",36,290862,290862,7538.19255591999,8576.88376549704,4825.06513537638,6745.80173216532,-0.21682880875003,0.511610225062534,0.066079897199315,0.136373950533242,1,"2020_2024",1
"FP_UP","augmented","nn_exact_1to1","ch_pre5","adjusted",36,290862,290862,9.66543893933642,11.1863721635761,6.87522911254373,8.94607290672129,-0.222412687955282,0.590621815598614,0.0672457286730987,0.13356505834382,1,"2020_2024",1
"FP_UP","augmented","nn_exact_1to1","city_travel_time","adjusted",36,290862,290862,105.406107875625,107.785806769903,62.1714513710903,68.4806229785798,-0.0386241416089841,0.824226563110798,0.0817342543311352,0.203422929086646,1,"2020_2024",1
"FP_UP","augmented","nn_exact_1to1","eastness","adjusted",36,290862,290862,-0.0661458773847659,-0.053772496157663,0.670512525277012,0.657199132644424,-0.0184626576946095,1.04092592891743,0.0301566434099831,0.0643569802861838,1,"2020_2024",1
"FP_UP","augmented","nn_exact_1to1","elevation","adjusted",36,290862,290862,1426.0910065388,1570.99458675436,540.230342274492,768.068214940383,-0.268658126796191,0.494718737621105,0.11136698614326,0.240639891082369,1,"2020_2024",1
"FP_UP","augmented","nn_exact_1to1","gpp_pre5","adjusted",36,290862,290862,1192.40214741011,1130.67547771796,358.186492636789,407.743798205774,0.172241257175025,0.771691435854982,0.0696542873868572,0.153247932008994,1,"2020_2024",1
"FP_UP","augmented","nn_exact_1to1","northness","adjusted",36,290862,290862,0.0568753500343012,-0.1268928003845,0.736744549040621,0.741000822094961,0.249289408513303,0.98854508925222,0.0757256436808944,0.141771699293823,1,"2020_2024",1
"FP_UP","augmented","nn_exact_1to1","pop_density","adjusted",36,290862,290862,0.90445824805928,4.62610891450844,10.3984865466273,35.4714172296513,-0.35915189792679,0.0859375933351819,0.0989852860860637,0.179280896095055,1,"2020_2024",1
"FP_UP","augmented","nn_exact_1to1","ppt_normal","adjusted",36,290862,290862,1166.91582009613,1181.72757212641,586.058584059626,601.044559794078,-0.0255382005179166,0.950755227097096,0.0801538732458521,0.179518121995998,1,"2020_2024",1
"FP_UP","augmented","nn_exact_1to1","slope","adjusted",36,290862,290862,15.6959565115375,14.1010952474628,7.69157310525312,7.61863257933548,0.20894278687877,1.01923959193357,0.070878895825014,0.123261202907221,1,"2020_2024",1
"FP_UP","augmented","nn_exact_1to1","tmean_normal","adjusted",36,290862,290862,11.3121963281127,10.1671357025715,2.98389357453176,3.92992348797081,0.384444606376684,0.576498880425028,0.123185061212162,0.263554537890821,1,"2020_2024",1
"FP_UP","augmented","rmahal_cal025","agb_pre5","adjusted",35,106279,106279,7311.40524468616,7359.07681856246,4997.26518375862,5004.04344175461,-0.00995153369888174,0.997292722451677,0.0040391983886817,0.0160520893120936,0.0948905109489051,"2002_2006",137
"FP_UP","augmented","rmahal_cal025","ch_pre5","adjusted",35,106279,106279,9.75239718401277,9.81513507125033,6.80578673284119,6.81320145436954,-0.0091744344293073,0.997824609501463,0.00358655610770926,0.0146218914366902,0.0875912408759124,"2002_2006",137
"FP_UP","augmented","rmahal_cal025","city_travel_time","adjusted",35,106279,106279,101.645674534839,100.9960787951,52.2470434300091,52.1068077987329,0.0105433834089598,1.00538986539631,0.0118609210776463,0.0386435702255384,0.318435754189944,"1990_1994",179
"FP_UP","augmented","rmahal_cal025","eastness","adjusted",35,106279,106279,-0.089051572123735,-0.0899223201426205,0.665192428919704,0.664204831678745,0.00129926673363364,1.00297598396265,0.00220373298973608,0.00865646082481018,0.0869565217391305,"1993_1997",23
"FP_UP","augmented","rmahal_cal025","elevation","adjusted",35,106279,106279,1480.75025967565,1478.71790936253,571.802347740504,579.533790456893,0.0037680741035092,0.973496382649183,0.00746840373008762,0.0226291176996396,0.217391304347826,"1993_1997",23
"FP_UP","augmented","rmahal_cal025","gpp_pre5","adjusted",35,106279,106279,1118.68619200407,1116.44410654974,340.164227085792,341.50157915358,0.00625628467034507,0.992183149059995,0.00315033550736761,0.0118555876513705,0.173913043478261,"1993_1997",23
"FP_UP","augmented","rmahal_cal025","northness","adjusted",35,106279,106279,0.0905909312139924,0.0914448857706687,0.735786641191107,0.736466968719881,-0.00115842612468985,0.998153309451987,0.00210961904671688,0.00814836421118001,0.130434782608696,"1993_1997",23
"FP_UP","augmented","rmahal_cal025","pop_density","adjusted",35,106279,106279,0.306359540615399,0.342298672466594,2.31409639016688,2.33527400923514,-0.00346824798215489,0.981945079233526,0.0316887791705755,0.0664101092407719,0.217877094972067,"1990_1994",179
"FP_UP","augmented","rmahal_cal025","ppt_normal","adjusted",35,106279,106279,1102.28934920469,1103.19613761056,580.465075136483,582.023779217846,-0.00156347095799275,0.994651019519387,0.0143382208507211,0.0483068150810602,0.565217391304348,"1993_1997",23
"FP_UP","augmented","rmahal_cal025","slope","adjusted",35,106279,106279,14.168119265182,14.1234858824819,7.26023967621767,7.24925750876586,0.00584741982218412,1.00303216876589,0.00324775656173005,0.0118744060444679,0.260869565217391,"1993_1997",23
"FP_UP","augmented","rmahal_cal025","tmean_normal","adjusted",35,106279,106279,10.7796026506312,10.7470960178966,3.09327182015475,3.14403450183291,0.0109138322876136,0.967969256202336,0.0139127627987522,0.0415698303521862,0.434782608695652,"1993_1997",23
"FP_UP","augmented","rmahal_nocal","agb_pre5","adjusted",36,290862,290862,7538.19255591999,7656.87270251872,4825.06513537638,5056.90669385291,-0.0247747112635716,0.910408869208055,0.010077458221931,0.0256754062063797,1,"2020_2024",1
"FP_UP","augmented","rmahal_nocal","ch_pre5","adjusted",36,290862,290862,9.66543893933642,9.84642820553209,6.87522911254373,7.11711821971259,-0.0264668484744004,0.933181221975195,0.0100532940844852,0.0239288734863956,1,"2020_2024",1
"FP_UP","augmented","rmahal_nocal","city_travel_time","adjusted",36,290862,290862,105.406107875625,103.530350280208,62.1714513710903,62.6571387286583,0.0304448294545581,0.984557068436588,0.0292652914559785,0.0662616636067963,1,"2020_2024",1
"FP_UP","augmented","rmahal_nocal","eastness","adjusted",36,290862,290862,-0.0661458773847659,-0.0699040934605176,0.670512525277012,0.667743628595355,0.00560773612931258,1.00831048738018,0.00515679673095517,0.0149692981551389,1,"2020_2024",1
"FP_UP","augmented","rmahal_nocal","elevation","adjusted",36,290862,290862,1426.0910065388,1416.38821209071,540.230342274492,581.779419617927,0.0179894422017274,0.862265952047464,0.0279039113973382,0.0644154272472856,1,"2020_2024",1
"FP_UP","augmented","rmahal_nocal","gpp_pre5","adjusted",36,290862,290862,1192.40214741011,1189.16661853388,358.186492636789,353.655165086619,0.00902837564457083,1.02578985175986,0.0111031488114545,0.0279479615762802,1,"2020_2024",1
"FP_UP","augmented","rmahal_nocal","northness","adjusted",36,290862,290862,0.0568753500343012,0.0666433461960114,0.736744549040621,0.738080613468953,-0.0132507073721074,0.996382901433006,0.0073800313520853,0.0170974551505525,1,"2020_2024",1
"FP_UP","augmented","rmahal_nocal","pop_density","adjusted",36,290862,290862,0.90445824805928,1.73640573801342,10.3984865466273,19.062647630286,-0.0802857513431106,0.297559505543253,0.0285901203671358,0.0586429303243463,1,"2020_2024",1
"FP_UP","augmented","rmahal_nocal","ppt_normal","adjusted",36,290862,290862,1166.91582009613,1172.9908116071,586.058584059626,627.301701538898,-0.0104744091741797,0.872828928615621,0.0317233037946161,0.0859857939503958,1,"2020_2024",1
"FP_UP","augmented","rmahal_nocal","slope","adjusted",36,290862,290862,15.6959565115375,15.4252103842868,7.69157310525312,7.49930016869456,0.0354704522823819,1.05193491507602,0.0146339902802055,0.0307843582179865,1,"2020_2024",1
"FP_UP","augmented","rmahal_nocal","tmean_normal","adjusted",36,290862,290862,11.3121963281127,11.3258363903628,2.98389357453176,3.12384933149344,-0.0045795377517345,0.912402571440934,0.0337092635818985,0.0901699087539796,1,"2020_2024",1
"FP_UP","baseline","(before)","city_travel_time","unadjusted",36,299945,196650037,104.741659032856,127.18318001662,61.6116966007812,58.2588220846362,-0.364241243495959,1.11841488169453,0.133834209331474,0.236794392953086,0.963082901554404,"2020_2024",1
"FP_UP","baseline","(before)","eastness","unadjusted",36,299945,196650037,-0.0599068409318078,-0.124432076589912,0.670184186468208,0.669544302428152,0.0962798540475033,1.00191231500764,0.0302920394592931,0.0524542853899101,0.781217616580311,"2020_2024",1
"FP_UP","baseline","(before)","elevation","unadjusted",36,299945,196650037,1415.33669409831,1807.51398701421,539.360494854802,730.489918401611,-0.727115346149843,0.545167319958732,0.158022262050915,0.293053569020145,0.731935667784029,"1988_1992",430
"FP_UP","baseline","(before)","northness","unadjusted",36,299945,196650037,0.0619498453532709,0.0745669432509431,0.73716790261867,0.728387546186544,-0.0171156365501699,1.02425433530394,0.0215633294914557,0.0416818720166997,0.9360103626943,"2020_2024",1
"FP_UP","baseline","(before)","pop_density","unadjusted",36,299945,196650037,0.895152293719698,1.02205189389406,10.3623305011959,14.4556072759693,-0.0122462413411461,0.513856905958382,0.0492509149188452,0.0885161962768377,0.887564766839378,"2020_2024",1
"FP_UP","baseline","(before)","ppt_normal","unadjusted",36,299945,196650037,1161.59370215055,1169.57712401936,579.984169984379,599.921172805183,-0.0137648961505664,0.934639004416497,0.0798997120225257,0.173791694560196,0.981476683937824,"2020_2024",1
"FP_UP","baseline","(before)","slope","unadjusted",36,299945,196650037,15.6868492141746,13.3089822176597,7.63300465117308,8.26417737537391,0.311524374107309,0.853083995126159,0.0586613374522203,0.13865848161917,0.699870466321244,"2020_2024",1
"FP_UP","baseline","(before)","tmean_normal","unadjusted",36,299945,196650037,11.3735358490752,8.71055243043956,2.97848014134777,3.42689110648904,0.894074592496905,0.755420574152616,0.205514750139832,0.365559283308159,0.851165803108808,"2020_2024",1
"FP_UP","baseline","elastic_cal025","city_travel_time","adjusted",35,284561,284561,105.799804726351,102.776142889974,61.5497029258218,60.6942544423534,0.0490761008574307,1.02838743151531,0.0246588232806651,0.0585182087496179,0.382214369846879,"2014_2018",1698
"FP_UP","baseline","elastic_cal025","eastness","adjusted",35,284561,284561,-0.0669335976544845,-0.0750266141878662,0.670440694324238,0.667682330953684,0.0120758094517732,1.00827956945475,0.00518060280732846,0.0142921904266572,0.131578947368421,"1993_1997",38
"FP_UP","baseline","elastic_cal025","elevation","adjusted",35,284561,284561,1427.18237297646,1403.58794435519,541.083376320088,580.319235084248,0.0437451924016459,0.869349584850153,0.0283604634423837,0.0691134765480863,0.255005889281508,"2014_2018",1698
"FP_UP","baseline","elastic_cal025","northness","adjusted",35,284561,284561,0.0591879353714659,0.0685398492005976,0.736556438135257,0.737461162025325,-0.0126862737727871,0.997547887332966,0.00643664037463292,0.0153007615238912,0.105263157894737,"1993_1997",38
"FP_UP","baseline","elastic_cal025","pop_density","adjusted",35,284561,284561,0.876463054660242,1.05009919705114,10.0804497876474,11.5486474225041,-0.0167564760042018,0.761899302642512,0.0546835694165552,0.102688000112454,0.376623376623377,"1990_1994",308
"FP_UP","baseline","elastic_cal025","ppt_normal","adjusted",35,284561,284561,1171.01746095458,1153.93946102607,589.003142830705,591.305530851173,0.0294456311263888,0.992227687872821,0.0313090771523353,0.0839222521708878,0.526315789473684,"1993_1997",38
"FP_UP","baseline","elastic_cal025","slope","adjusted",35,284561,284561,15.6607171990723,15.4025489470665,7.67549207703793,7.47747015269586,0.0338226247466207,1.05366627366759,0.0121176317866014,0.0229897983209224,0.289473684210526,"1993_1997",38
"FP_UP","baseline","elastic_cal025","tmean_normal","adjusted",35,284561,284561,11.2830862584731,11.3722912823105,2.9747645348211,3.12018889714718,-0.0299498467688456,0.908957162315817,0.0311595527019243,0.0837395145504831,0.421052631578947,"1993_1997",38
"FP_UP","baseline","elastic_nocal","city_travel_time","adjusted",35,290884,290884,105.354283999396,103.142840160555,62.1942077606571,60.7944423252404,0.0358932469133306,1.04657925542603,0.0230790595370926,0.0567855227513373,0.331569664902998,"2014_2018",1701
"FP_UP","baseline","elastic_nocal","eastness","adjusted",35,290884,290884,-0.0650613721335253,-0.0706669247541563,0.670698390599507,0.668765019694794,0.00836419708762698,1.0057902716014,0.004303710251223,0.012059790156901,0.0789473684210527,"1993_1997",38
"FP_UP","baseline","elastic_nocal","elevation","adjusted",35,290884,290884,1425.97786565926,1420.55802253018,540.279937199433,574.851161321907,0.0100486468341311,0.883337881408384,0.0251510656166402,0.0556888656646636,0.210526315789474,"1993_1997",38
"FP_UP","baseline","elastic_nocal","northness","adjusted",35,290884,290884,0.0569240011351465,0.0659890447635308,0.736668178816799,0.737155392298702,-0.0122971219937576,0.99867856227272,0.0054689503417706,0.0131048802959255,0.0789473684210527,"1993_1997",38
"FP_UP","baseline","elastic_nocal","pop_density","adjusted",35,290884,290884,0.902984762800481,0.933658848630611,10.397616723487,10.1695858540559,-0.00296015320362442,1.04534843820902,0.0477975666084799,0.0944947126689678,0.37987012987013,"1990_1994",308
"FP_UP","baseline","elastic_nocal","ppt_normal","adjusted",35,290884,290884,1166.80559427769,1153.51140974352,586.09810485774,587.384491834758,0.0229216334206545,0.995624745342167,0.0279509192113189,0.0778764043398743,0.473684210526316,"1993_1997",38
"FP_UP","baseline","elastic_nocal","slope","adjusted",35,290884,290884,15.6956031326136,15.4814383649503,7.69096796784885,7.4761683587798,0.0280577279132701,1.05828797011628,0.00887211151409656,0.0186328570839235,0.289473684210526,"1993_1997",38
"FP_UP","baseline","elastic_nocal","tmean_normal","adjusted",35,290884,290884,11.3149367466603,11.3409775428143,2.98672857472551,3.10485707675503,-0.00874298129186717,0.925354810504355,0.0319690576566213,0.0814929662683408,0.368421052631579,"1993_1997",38
"FP_UP","baseline","glm_nocal","city_travel_time","adjusted",36,290885,290885,105.35899746536,103.096672583356,62.1908167414564,60.7890374970804,0.036719081064469,1.04665122638639,0.0232760341039335,0.0569881568317377,1,"2020_2024",1
"FP_UP","baseline","glm_nocal","eastness","adjusted",36,290885,290885,-0.0653736657208865,-0.0707915388457189,0.670719329209472,0.668676168183592,0.00808415542208476,1.00612039906482,0.0044696883094403,0.0123829004589443,1,"2020_2024",1
"FP_UP","baseline","glm_nocal","elevation","adjusted",36,290885,290885,1426.06176658366,1419.72124334076,540.189435281165,574.897148405682,0.0117556315365638,0.882900704896948,0.0251607774889019,0.0559465080701996,1,"2020_2024",1
"FP_UP","baseline","glm_nocal","northness","adjusted",36,290885,290885,0.0564464980752046,0.0664976302027317,0.736658210484909,0.737178334791205,-0.0136347935006693,0.998589375753365,0.0054497910111456,0.0130463929044124,1,"2020_2024",1
"FP_UP","baseline","glm_nocal","pop_density","adjusted",36,290885,290885,0.901119689619907,0.939074857400917,10.3962748115563,10.2911335906921,-0.00366280227952874,1.02053774096857,0.0482962505472767,0.0952300737404815,1,"2020_2024",1
"FP_UP","baseline","glm_nocal","ppt_normal","adjusted",36,290885,290885,1166.82808134639,1153.37882628956,586.084343358882,587.304750823036,0.0231890036881362,0.995848358211447,0.0279629468935559,0.0778520721247229,1,"2020_2024",1
"FP_UP","baseline","glm_nocal","slope","adjusted",36,290885,290885,15.694485613949,15.4842432043656,7.6909278239604,7.47725165578389,0.0275438597500527,1.05797030036917,0.00876248723000031,0.0186877975832374,1,"2020_2024",1
"FP_UP","baseline","glm_nocal","tmean_normal","adjusted",36,290885,290885,11.3146762217997,11.3433081386408,2.98630737359077,3.10470978510703,-0.00961292856838103,0.925181611482687,0.0319562615671272,0.0816748887017207,1,"2020_2024",1
"FP_UP","baseline","mahal_nocal","city_travel_time","adjusted",36,290885,290885,105.406815083866,102.872334104191,62.1699237317866,60.7941326475622,0.0411363607806108,1.04577278511908,0.024624669918563,0.0579816766075941,1,"2020_2024",1
"FP_UP","baseline","mahal_nocal","eastness","adjusted",36,290885,290885,-0.0661586432858301,-0.068775338440679,0.670502764855946,0.668603312337646,0.00390444180522753,1.00568992281432,0.00392530009638293,0.0114890764391426,1,"2020_2024",1
"FP_UP","baseline","mahal_nocal","elevation","adjusted",36,290885,290885,1426.05900993099,1417.50909048277,540.22187840936,572.745796288043,0.01585195714143,0.889652731838782,0.025084833336031,0.0554480292899256,1,"2020_2024",1
"FP_UP","baseline","mahal_nocal","northness","adjusted",36,290885,290885,0.0569313969245209,0.065252225442589,0.736747957380374,0.737546475916397,-0.0112875621530858,0.997835834631329,0.00530985044594475,0.0128916925932929,1,"2020_2024",1
"FP_UP","baseline","mahal_nocal","pop_density","adjusted",36,290885,290885,0.904389314980532,0.939273853216101,10.3980783813809,10.284770363334,-0.0033664761253796,1.02215551249307,0.0491206448186972,0.0967598879282189,1,"2020_2024",1
"FP_UP","baseline","mahal_nocal","ppt_normal","adjusted",36,290885,290885,1166.92452880098,1152.91493158394,586.042558872846,587.07592152465,0.0241551372297149,0.996482726819959,0.02802769696193,0.0777214363064442,1,"2020_2024",1
"FP_UP","baseline","mahal_nocal","slope","adjusted",36,290885,290885,15.6957104970219,15.492808685336,7.69143066831491,7.47910525919503,0.0265821679611751,1.05758423505159,0.00902778931470178,0.019000635990168,1,"2020_2024",1
"FP_UP","baseline","mahal_nocal","tmean_normal","adjusted",36,290885,290885,11.3123833931166,11.3636674551912,2.98387772392958,3.10319602740852,-0.017218198423619,0.924578144558709,0.0323655385731706,0.0840057067225879,1,"2020_2024",1
"FP_UP","baseline","mahal_pscal","city_travel_time","adjusted",35,289298,289298,105.40211289762,102.900997750598,62.1969131231677,61.0661935256595,0.0405948104826253,1.03737544130115,0.0227091263528597,0.0557902232300258,0.356848912404468,"2014_2018",1701
"FP_UP","baseline","mahal_pscal","eastness","adjusted",35,289298,289298,-0.0664970488350425,-0.0760312160728062,0.670674834779834,0.66728643305854,0.0142261895017363,1.0101815487471,0.00516506467581157,0.0140305152472537,0.0789473684210527,"1993_1997",38
"FP_UP","baseline","mahal_pscal","elevation","adjusted",35,289298,289298,1426.25261110261,1415.1927645176,540.063311353526,575.936659408005,0.02050548138122,0.879305731099329,0.0262132437521165,0.0604774315757454,0.257495590828924,"2014_2018",1701
"FP_UP","baseline","mahal_pscal","northness","adjusted",35,289298,289298,0.0575968920685302,0.0675218172046822,0.736509069730681,0.73782476391281,-0.0134635882827988,0.996436766102263,0.0058848818711498,0.0137850935713348,0.0789473684210527,"1993_1997",38
"FP_UP","baseline","mahal_pscal","pop_density","adjusted",35,289298,289298,0.870596930736025,0.934790917622887,10.0529068001618,10.0210839854385,-0.00619493721797948,1.00636125648947,0.04992862556176,0.0978437458952359,0.376623376623377,"1990_1994",308
"FP_UP","baseline","mahal_pscal","ppt_normal","adjusted",35,289298,289298,1167.2452851518,1152.29817158846,586.949445910667,588.708684174693,0.0257715888413674,0.994032329587656,0.0286499071094557,0.0805812691411624,0.473684210526316,"1993_1997",38
"FP_UP","baseline","mahal_pscal","slope","adjusted",35,289298,289298,15.6915931705162,15.4847215331907,7.68698540142776,7.48001192451977,0.0271022548497615,1.0561060539691,0.00965726696399134,0.0202109935084238,0.289473684210526,"1993_1997",38
"FP_UP","baseline","mahal_pscal","tmean_normal","adjusted",35,289298,289298,11.3119108381757,11.3600550179126,2.9835946502431,3.10702071002791,-0.0161640089750734,0.922128284504944,0.031506916304335,0.0811688985060387,0.389770723104056,"2014_2018",1701
"FP_UP","baseline","nn_exact_1to1","city_travel_time","adjusted",36,290885,290885,105.406815083866,107.803974206456,62.1699237317866,68.8177915363876,-0.0389075330634451,0.816129744684086,0.0817223488522578,0.203176513054987,1,"2020_2024",1
"FP_UP","baseline","nn_exact_1to1","eastness","adjusted",36,290885,290885,-0.0661586432858301,-0.0559880280535247,0.670502764855946,0.656661528012057,-0.0151758508148384,1.04260067130891,0.0303724076052014,0.0648709971294498,1,"2020_2024",1
"FP_UP","baseline","nn_exact_1to1","elevation","adjusted",36,290885,290885,1426.05900993099,1570.18143922468,540.22187840936,769.655379998412,-0.267209835849202,0.492665009301524,0.111450857730864,0.240796190934562,1,"2020_2024",1
"FP_UP","baseline","nn_exact_1to1","northness","adjusted",36,290885,290885,0.0569313969245209,-0.125982350391266,0.736747957380374,0.741459276037377,0.248130373916194,0.987332141697176,0.0752699012102016,0.141647042645719,1,"2020_2024",1
"FP_UP","baseline","nn_exact_1to1","pop_density","adjusted",36,290885,290885,0.904389314980532,5.06719373088155,10.3980783813809,39.3443032444531,-0.401724729337731,0.0698461474226103,0.0988566803138376,0.178988259965278,1,"2020_2024",1
"FP_UP","baseline","nn_exact_1to1","ppt_normal","adjusted",36,290885,290885,1166.92452880098,1182.19464938288,586.042558872846,601.55573523568,-0.0263285126942634,0.949088188324919,0.080191812560875,0.17972738367396,1,"2020_2024",1
"FP_UP","baseline","nn_exact_1to1","slope","adjusted",36,290885,290885,15.6957104970219,14.0404576565551,7.69143066831491,7.61099774706638,0.216854687781754,1.02124765528715,0.0714441823797912,0.123818691235368,1,"2020_2024",1
"FP_UP","baseline","nn_exact_1to1","tmean_normal","adjusted",36,290885,290885,11.3123833931166,10.1648504923809,2.98387772392958,3.92773062719988,0.385274652264925,0.577136649732123,0.12328866969996,0.263867163999519,1,"2020_2024",1
"FP_UP","baseline","rmahal_cal025","city_travel_time","adjusted",35,163682,163682,102.2681827689,101.601686725977,55.1595801407828,55.0068906505532,0.0108176868954255,1.00555935476653,0.0108406378804188,0.0349946848156792,0.272030651340996,"1990_1994",261
"FP_UP","baseline","rmahal_cal025","eastness","adjusted",35,163682,163682,-0.0840083929319277,-0.0842781257414788,0.666355796064777,0.665744598180694,0.000402475640275234,1.0018369760594,0.00177718949218275,0.00692195843159296,0.0909090909090909,"1993_1997",33
"FP_UP","baseline","rmahal_cal025","elevation","adjusted",35,163682,163682,1430.76002325743,1427.69882181719,566.040081238644,574.586419213406,0.00567561300734531,0.970473443071519,0.00706971617357353,0.0218594591952689,0.212121212121212,"1993_1997",33
"FP_UP","baseline","rmahal_cal025","northness","adjusted",35,163682,163682,0.0810733371939824,0.0818802878023838,0.736432932619104,0.736865491243356,-0.00109466324501494,0.998826294166356,0.00172648753327341,0.00665314451191947,0.0909090909090909,"1993_1997",33
"FP_UP","baseline","rmahal_cal025","pop_density","adjusted",35,163682,163682,0.431939948034724,0.468076917507806,3.29005648067989,3.31181582345784,-0.00348733998292294,0.986902737258743,0.0257749528755909,0.0565608924622133,0.212121212121212,"1993_1997",33
"FP_UP","baseline","rmahal_cal025","ppt_normal","adjusted",35,163682,163682,1140.57387419392,1142.21345094721,592.817255787691,595.364924703559,-0.00282693362706818,0.99145996731202,0.014288187731433,0.0488447110861305,0.393939393939394,"1993_1997",33
"FP_UP","baseline","rmahal_cal025","slope","adjusted",35,163682,163682,14.7654893834873,14.7136012562977,7.34403473767074,7.31199863163017,0.00679786395539975,1.0087818085466,0.00277976904486446,0.00921909556334844,0.212121212121212,"1993_1997",33
"FP_UP","baseline","rmahal_cal025","tmean_normal","adjusted",35,163682,163682,11.0645734433259,11.05192103703,3.04553132322839,3.09433751053586,0.0042479404580374,0.968703295331121,0.0124854936616949,0.0376217299397612,0.333333333333333,"1993_1997",33
"FP_UP","baseline","rmahal_nocal","city_travel_time","adjusted",36,290885,290885,105.406815083866,103.968039112004,62.1699237317866,63.0778510528134,0.0233523186544452,0.971419664337722,0.0254352625746026,0.0623029719648658,1,"2020_2024",1
"FP_UP","baseline","rmahal_nocal","eastness","adjusted",36,290885,290885,-0.0661586432858301,-0.068404619954964,0.670502764855946,0.66859865361515,0.00335128269882037,1.00570393793854,0.00446992805298219,0.0131632775839249,1,"2020_2024",1
"FP_UP","baseline","rmahal_nocal","elevation","adjusted",36,290885,290885,1426.05900993099,1414.09472854604,540.22187840936,577.101577003734,0.0221823464993785,0.876273776629257,0.0254426375857838,0.0607250287914468,1,"2020_2024",1
"FP_UP","baseline","rmahal_nocal","northness","adjusted",36,290885,290885,0.0569313969245209,0.0670633249328703,0.736747957380374,0.737420377983061,-0.0137443965918176,0.99817712108956,0.00594820412765564,0.0145246403217766,1,"2020_2024",1
"FP_UP","baseline","rmahal_nocal","pop_density","adjusted",36,290885,290885,0.904389314980532,1.6074365750662,10.3980783813809,18.9523072322405,-0.067846442458531,0.3010107443105,0.0238985197306708,0.0514705124018083,1,"2020_2024",1
"FP_UP","baseline","rmahal_nocal","ppt_normal","adjusted",36,290885,290885,1166.92452880098,1167.38497825998,586.042558872846,617.308791588446,-0.000793900045604181,0.901266829906429,0.0294436052794473,0.0813070457397253,1,"2020_2024",1
"FP_UP","baseline","rmahal_nocal","slope","adjusted",36,290885,290885,15.6957104970219,15.4612372535002,7.69143066831491,7.5142204525219,0.0307183414968401,1.0477227994449,0.0117186113444206,0.0269453564123279,1,"2020_2024",1
"FP_UP","baseline","rmahal_nocal","tmean_normal","adjusted",36,290885,290885,11.3123833931166,11.3574070127791,2.98387772392958,3.1008967324124,-0.0151163068161698,0.925949790406487,0.0314365086419186,0.0878353988689688,1,"2020_2024",1
"ONP_UNP","augmented","(before)","agb_pre5","unadjusted",7,30356,11374057,14868.2146593754,14441.9590110899,4622.06887883962,5311.07771455826,0.0922218295441182,0.757368980256856,0.0398404676320439,0.114504758815518,0.265097087346001,"2007_2011",1400
"ONP_UNP","augmented","(before)","ch_pre5","unadjusted",7,30356,11374057,19.5668309386406,18.8773683394753,6.02184129490461,7.05250231404271,0.114493651592691,0.729074882309797,0.0486603260636881,0.116284541969676,0.265786680149993,"2007_2011",1400
"ONP_UNP","augmented","(before)","city_travel_time","unadjusted",7,30356,11374057,137.289676820357,118.503338274778,40.029249993537,44.1219229673663,0.469315276919054,0.823087567744487,0.130576364782317,0.276295745590799,0.637942182982066,"2013_2017",152
"ONP_UNP","augmented","(before)","eastness","unadjusted",7,30356,11374057,-0.0423613855773547,-0.084667897847851,0.673009091286448,0.666397639105868,0.06286172477942,1.01994079360568,0.0341482872836832,0.0661477215052588,0.236324319944812,"2007_2011",1400
"ONP_UNP","augmented","(before)","elevation","unadjusted",7,30356,11374057,675.87384586671,536.49970870317,330.480390926107,359.633988797628,0.421731942318791,0.844442205885543,0.166590730292184,0.274724470237768,0.61261736280777,"2008_2012",2014
"ONP_UNP","augmented","(before)","gpp_pre5","unadjusted",7,30356,11374057,1721.46092370536,1664.12217972883,328.3688032172,363.886461663191,0.174616904574225,0.814314155188676,0.0447939771399077,0.146912665920732,0.306237978720468,"2008_2012",2014
"ONP_UNP","augmented","(before)","northness","unadjusted",7,30356,11374057,0.065739142651191,0.0750143435881768,0.73551028762123,0.736933744598937,-0.012610565879348,0.996140542572578,0.0277229375402229,0.0573195519340834,0.176926732823719,"2007_2011",1400
"ONP_UNP","augmented","(before)","pop_density","unadjusted",7,30356,11374057,0.512564252778716,7.31576722734126,3.20288701497184,37.0349423829845,-2.12408459704045,0.00747928170065655,0.259668451441386,0.387750315203003,0.47801271633341,"2010_2014",11196
"ONP_UNP","augmented","(before)","ppt_normal","unadjusted",7,30356,11374057,1909.76633503334,1522.45360919018,624.594678267415,448.323661581083,0.620102506985075,1.94094503957985,0.171402441234095,0.322104303356256,0.645324761370841,"2008_2012",2014
"ONP_UNP","augmented","(before)","slope","unadjusted",7,30356,11374057,14.8606238806151,13.6642054980547,6.21813780224439,6.4556317543573,0.192407827007063,0.927776112237129,0.0515388457886602,0.104985663028304,0.283690023637361,"2008_2012",2014
"ONP_UNP","augmented","(before)","tmean_normal","unadjusted",7,30356,11374057,12.8162254858652,12.8957625808228,1.24526781257486,1.276239660194,-0.063871477407864,0.952052838658193,0.0784692703628226,0.178803352147315,0.300257380913265,"2008_2012",2014
"ONP_UNP","augmented","bart_cal025","agb_pre5","adjusted",7,28714,28714,14821.8538065055,14890.6551020408,4626.83435827828,4590.59701651207,-0.0148853894952192,1.01584995029757,0.00756549314778565,0.0223236052100021,0.0866666666666667,"2013_2017",150
"ONP_UNP","augmented","bart_cal025","ch_pre5","adjusted",7,28714,28714,19.5012836932588,19.5935864041623,6.0421537049611,5.99336895749002,-0.0153279879663429,1.01634583038294,0.00800669997991713,0.0224977362958836,0.0866666666666667,"2013_2017",150
"ONP_UNP","augmented","bart_cal025","city_travel_time","adjusted",7,28714,28714,136.204308052452,135.660577774679,40.3223142767178,40.1848353008195,0.0135833241407438,1.00685403556036,0.0132083147603914,0.0400501497527339,0.146666666666667,"2013_2017",150
"ONP_UNP","augmented","bart_cal025","eastness","adjusted",7,28714,28714,-0.0430615861221581,-0.0474229527817816,0.673248110519905,0.671781999006912,0.00648039783725185,1.00436960606817,0.00630996280757506,0.018005154280142,0.08,"2013_2017",150
"ONP_UNP","augmented","bart_cal025","elevation","adjusted",7,28714,28714,657.145396693799,662.308718570338,312.670624213203,310.999057805901,-0.015623686059165,1.01077854453961,0.0125337548654174,0.0299157205544334,0.24,"2013_2017",150
"ONP_UNP","augmented","bart_cal025","gpp_pre5","adjusted",7,28714,28714,1727.40348262172,1724.49449745769,320.690317821859,314.002078589013,0.00885889626399346,1.04305365720738,0.0078226671849719,0.020512641916835,0.0666666666666667,"2013_2017",150
"ONP_UNP","augmented","bart_cal025","northness","adjusted",7,28714,28714,0.0651386039342654,0.0602655695348744,0.735305554742374,0.736792164115961,0.00662537898028758,0.995968714933819,0.00511757647541179,0.0169603677648534,0.0933333333333333,"2013_2017",150
"ONP_UNP","augmented","bart_cal025","pop_density","adjusted",7,28714,28714,0.534057733538757,0.74884073567466,3.28696003853338,3.54461807683864,-0.067059187892643,0.859903966748459,0.0809489525241164,0.135230201295535,0.209634727368978,"2008_2012",1889
"ONP_UNP","augmented","bart_cal025","ppt_normal","adjusted",7,28714,28714,1884.65544159133,1898.89794927402,590.228841101164,607.915433909964,-0.0228028002451048,0.94265877650543,0.013474537743601,0.0376471407675698,0.18,"2013_2017",150
"ONP_UNP","augmented","bart_cal025","slope","adjusted",7,28714,28714,14.9211861006368,14.9183506502017,6.20812769121737,6.00795395261723,0.000455996718843614,1.06774633982142,0.00840548600426615,0.0201643797450721,0.0600000000000001,"2013_2017",150
"ONP_UNP","augmented","bart_cal025","tmean_normal","adjusted",7,28714,28714,12.9099093407336,12.9016344436175,1.13273132183947,1.15009087847573,0.00664507428250011,0.970039683395651,0.0112229019408827,0.0360451347774605,0.206666666666667,"2013_2017",150
"ONP_UNP","augmented","bart_nocal","agb_pre5","adjusted",7,30356,30356,14868.2146593754,14841.0009223877,4622.06887883962,4575.673339746,0.00588778265774416,1.02038202989889,0.00428384452663021,0.0151535116616155,0.0592105263157895,"2013_2017",152
"ONP_UNP","augmented","bart_nocal","ch_pre5","adjusted",7,30356,30356,19.5668309386406,19.5333733055114,6.02184129490461,5.96944552511393,0.00555604697810951,1.0176316935793,0.00451196541297232,0.0153511661615496,0.0592105263157895,"2013_2017",152
"ONP_UNP","augmented","bart_nocal","city_travel_time","adjusted",7,30356,30356,137.289676820357,135.530853393474,40.029249993537,39.6743354525372,0.0439384556834466,1.01797141732634,0.0282663584787562,0.0746145737251285,0.315789473684211,"2013_2017",152
"ONP_UNP","augmented","bart_nocal","eastness","adjusted",7,30356,30356,-0.0423613855773547,-0.0423759469568276,0.673009091286448,0.672464113717903,0.0000216362299728315,1.00162149440382,0.00301659790755611,0.010805112663065,0.0526315789473685,"2013_2017",152
"ONP_UNP","augmented","bart_nocal","elevation","adjusted",7,30356,30356,675.87384586671,671.348889671589,330.480390926107,326.809755444004,0.0136920565315256,1.02258959039354,0.00849060133638605,0.025695084991435,0.210526315789474,"2013_2017",152
"ONP_UNP","augmented","bart_nocal","gpp_pre5","adjusted",7,30356,30356,1721.46092370536,1719.56066016603,328.3688032172,322.71119684318,0.00578697952033308,1.03537032212905,0.00542234616456662,0.014791145078403,0.0789473684210527,"2013_2017",152
"ONP_UNP","augmented","bart_nocal","northness","adjusted",7,30356,30356,0.065739142651191,0.0625457925855565,0.73551028762123,0.736286000261663,0.00434167967379814,0.997894013970365,0.00330322830825018,0.0114639609961787,0.0460526315789474,"2013_2017",152
"ONP_UNP","augmented","bart_nocal","pop_density","adjusted",7,30356,30356,0.512564252778716,0.780501390938777,3.20288701497184,3.39724065482269,-0.0836548828939621,0.88885437057889,0.0964458089956276,0.159968375280011,0.25794926759557,"2010_2014",11196
"ONP_UNP","augmented","bart_nocal","ppt_normal","adjusted",7,30356,30356,1909.76633503334,1900.50998848898,624.594678267415,617.538450430859,0.0148197653076972,1.02298331835135,0.0125054712526219,0.0427592568190803,0.111842105263158,"2013_2017",152
"ONP_UNP","augmented","bart_nocal","slope","adjusted",7,30356,30356,14.8606238806151,14.8071389246272,6.21813780224439,6.07139167231459,0.00860144269696477,1.04892438903463,0.00499157482383588,0.0149229147450257,0.0526315789473684,"2013_2017",152
"ONP_UNP","augmented","bart_nocal","tmean_normal","adjusted",7,30356,30356,12.8162254858652,12.835837042038,1.24526781257486,1.23741958564938,-0.0157488662075546,1.01272505359984,0.0181689898309826,0.0559362234813546,0.102284011916584,"2008_2012",2014
"ONP_UNP","augmented","elastic_cal025","agb_pre5","adjusted",7,30331,30331,14863.894187465,14869.4797665755,4619.46803182052,4579.48442695728,-0.00120845864847648,1.01753828601551,0.00581519469645815,0.0184959282582177,0.0855263157894737,"2013_2017",152
"ONP_UNP","augmented","elastic_cal025","ch_pre5","adjusted",7,30331,30331,19.5614684637394,19.5700689087541,6.01912613246469,5.97163690767036,-0.00142820851523176,1.0159681687604,0.00621118993515164,0.0185948369654808,0.0921052631578947,"2013_2017",152
"ONP_UNP","augmented","elastic_cal025","city_travel_time","adjusted",7,30331,30331,137.271999936819,135.581042811706,40.0300230271344,39.6506237324752,0.0422430379131641,1.01922867339075,0.0275790194044809,0.0765883089908014,0.355263157894737,"2013_2017",152
"ONP_UNP","augmented","elastic_cal025","eastness","adjusted",7,30331,30331,-0.0421781617452232,-0.0437343614852211,0.673125601933078,0.671267143243924,0.00231230121575815,1.00554483071694,0.00481213579100562,0.0161880584220764,0.0657894736842105,"2013_2017",152
"ONP_UNP","augmented","elastic_cal025","elevation","adjusted",7,30331,30331,675.648035881966,674.352460195448,330.409254106808,329.650628349536,0.00392028005924154,1.00460790064126,0.00863807041651613,0.029046190366292,0.203947368421053,"2013_2017",152
"ONP_UNP","augmented","elastic_cal025","gpp_pre5","adjusted",7,30331,30331,1721.48653193103,1718.6539711846,328.366285659486,321.826856419715,0.00862615668321113,1.04105231598584,0.00750330484419965,0.0171441759256206,0.0592105263157894,"2013_2017",152
"ONP_UNP","augmented","elastic_cal025","northness","adjusted",7,30331,30331,0.0661680246802276,0.0592679802191647,0.735375745352657,0.737568862090098,0.00938130244701117,0.994061961399106,0.00481053991892856,0.0121987405624609,0.0855263157894737,"2013_2017",152
"ONP_UNP","augmented","elastic_cal025","pop_density","adjusted",7,30331,30331,0.512921201294941,0.675137238027591,3.20417896149539,3.28279984804715,-0.0506468183155926,0.952674892766148,0.0923497303774003,0.16092446671722,0.296052631578947,"2013_2017",152
"ONP_UNP","augmented","elastic_cal025","ppt_normal","adjusted",7,30331,30331,1908.91030675214,1903.53480604592,623.803066256774,620.267540429056,0.00860638249612559,1.01143249274753,0.0107490637369111,0.039860209027068,0.144736842105263,"2013_2017",152
"ONP_UNP","augmented","elastic_cal025","slope","adjusted",7,30331,30331,14.8592429161592,14.8179064472798,6.21619225105153,6.03525355963309,0.00664772480025635,1.06085941126286,0.00706086005020918,0.0186607761036563,0.0657894736842106,"2013_2017",152
"ONP_UNP","augmented","elastic_cal025","tmean_normal","adjusted",7,30331,30331,12.8170205556746,12.8328635790617,1.24503812780667,1.24302006347323,-0.0127225832283896,1.00324967001541,0.0189022033502655,0.0570703240908641,0.13097609561753,"2008_2012",2008
"ONP_UNP","augmented","elastic_nocal","agb_pre5","adjusted",7,30356,30356,14868.2146593754,14833.9797206483,4622.06887883962,4565.17008412525,0.00740684304464597,1.02508269251414,0.00428348877572704,0.0152523389115826,0.0592105263157895,"2013_2017",152
"ONP_UNP","augmented","elastic_nocal","ch_pre5","adjusted",7,30356,30356,19.5668309386406,19.5251344073948,6.02184129490461,5.95745986082416,0.00692421623283541,1.02173050802248,0.00444742621490236,0.0152852813282382,0.0592105263157895,"2013_2017",152
"ONP_UNP","augmented","elastic_nocal","city_travel_time","adjusted",7,30356,30356,137.289676820357,135.489842077885,40.029249993537,39.6501871612959,0.0449629893830814,1.01921175225205,0.0288197855681872,0.0760640400579787,0.309210526315789,"2013_2017",152
"ONP_UNP","augmented","elastic_nocal","eastness","adjusted",7,30356,30356,-0.0423613855773547,-0.0418934494610867,0.673009091286448,0.67228304513089,-0.000695289443079535,1.00216110822724,0.00310569950465325,0.0112992489129002,0.0526315789473685,"2013_2017",152
"ONP_UNP","augmented","elastic_nocal","elevation","adjusted",7,30356,30356,675.87384586671,670.492024378715,330.480390926107,326.573380551605,0.0162848436269216,1.02407043357107,0.00873700920622318,0.0262880484912373,0.210526315789474,"2013_2017",152
"ONP_UNP","augmented","elastic_nocal","gpp_pre5","adjusted",7,30356,30356,1721.46092370536,1719.27522071419,328.3688032172,322.567577414478,0.00665624435012383,1.0362925003508,0.00554280287436077,0.0153841085782053,0.0789473684210527,"2013_2017",152
"ONP_UNP","augmented","elastic_nocal","northness","adjusted",7,30356,30356,0.065739142651191,0.0630871250723012,0.73551028762123,0.736432763625629,0.00360568386808961,0.997496313878247,0.0033314345005361,0.0115298458294901,0.0460526315789474,"2013_2017",152
"ONP_UNP","augmented","elastic_nocal","pop_density","adjusted",7,30356,30356,0.512564252778716,0.78341868785227,3.20288701497184,3.41089746555467,-0.084565716432534,0.881750894340053,0.0969243130326617,0.15996837528001,0.257770632368703,"2010_2014",11196
"ONP_UNP","augmented","elastic_nocal","ppt_normal","adjusted",7,30356,30356,1909.76633503334,1899.08364506449,624.594678267415,615.925265884696,0.017103395754953,1.02834897581169,0.0127432468882383,0.0432863354855712,0.105263157894737,"2013_2017",152
"ONP_UNP","augmented","elastic_nocal","slope","adjusted",7,30356,30356,14.8606238806151,14.7898393459633,6.21813780224439,6.07048017620956,0.0113835583743759,1.04923940934502,0.00535039001664556,0.0155488206614837,0.0526315789473684,"2013_2017",152
"ONP_UNP","augmented","elastic_nocal","tmean_normal","adjusted",7,30356,30356,12.8162254858652,12.8372322958375,1.24526781257486,1.2373278545058,-0.0168693109709123,1.01287521892675,0.0184041541151032,0.0561668203979444,0.0988083416087388,"2008_2012",2014
"ONP_UNP","augmented","glm_cal025","agb_pre5","adjusted",7,30356,30356,14868.2146593754,14754.4383054421,4622.06887883962,5136.67715252551,0.0246158932105488,0.809670442017774,0.0231584681525068,0.0587363288970879,0.125,"2013_2017",152
"ONP_UNP","augmented","glm_cal025","ch_pre5","adjusted",7,30356,30356,19.5668309386406,19.3979859007789,6.02184129490461,6.65416253939273,0.0280387724606001,0.818977180424162,0.0252322903198044,0.0584398471471867,0.125,"2013_2017",152
"ONP_UNP","augmented","glm_cal025","city_travel_time","adjusted",7,30356,30356,137.289676820357,136.157278483588,40.029249993537,37.3596132360094,0.0282892718937051,1.14802187378465,0.0575325739369335,0.145341942284886,0.644736842105263,"2013_2017",152
"ONP_UNP","augmented","glm_cal025","eastness","adjusted",7,30356,30356,-0.0423613855773547,-0.0348490956310541,0.673009091286448,0.675481937621254,-0.0111622414073799,0.992691677386419,0.0203108186449165,0.0451311108182897,0.118421052631579,"2013_2017",152
"ONP_UNP","augmented","glm_cal025","elevation","adjusted",7,30356,30356,675.87384586671,693.364037747282,330.480390926107,363.789712353858,-0.0529235390685628,0.825259560962316,0.0422434691621533,0.0796218210567927,0.299404170804369,"2008_2012",2014
"ONP_UNP","augmented","glm_cal025","gpp_pre5","adjusted",7,30356,30356,1721.46092370536,1699.96800632494,328.3688032172,348.26508057107,0.0654535911141453,0.889004414640658,0.0228805048223287,0.0494795098168402,0.235849056603774,"2008_2012",2014
"ONP_UNP","augmented","glm_cal025","northness","adjusted",7,30356,30356,0.065739142651191,0.0266079191637917,0.73551028762123,0.736094145669471,0.0532028227830185,0.998414261278227,0.0219919446361494,0.0436816444854395,0.118421052631579,"2013_2017",152
"ONP_UNP","augmented","glm_cal025","pop_density","adjusted",7,30356,30356,0.512564252778716,0.626308722386402,3.20288701497184,3.64405725478962,-0.0355131071049305,0.772525553197205,0.0794338584598256,0.163987350112004,0.210878885316184,"2010_2014",11196
"ONP_UNP","augmented","glm_cal025","ppt_normal","adjusted",7,30356,30356,1909.76633503334,1920.44354170838,624.594678267415,634.21257655564,-0.0170946167915839,0.969899776706645,0.0311630403773738,0.0884174463038608,0.388157894736842,"2013_2017",152
"ONP_UNP","augmented","glm_cal025","slope","adjusted",7,30356,30356,14.8606238806151,14.6988216401057,6.21813780224439,6.21110027526712,0.0260210123440671,1.00226739663593,0.015180422173946,0.0335353801554882,0.184210526315789,"2013_2017",152
"ONP_UNP","augmented","glm_cal025","tmean_normal","adjusted",7,30356,30356,12.8162254858652,12.7360795107829,1.24526781257486,1.30137383783722,0.0643604325695298,0.915632885192104,0.0488687414646308,0.111378310712874,0.418570009930487,"2008_2012",2014
"ONP_UNP","augmented","glm_nocal","agb_pre5","adjusted",7,30356,30356,14868.2146593754,14830.9401106865,4622.06887883962,4565.83741818425,0.0080644727861023,1.02478306616305,0.00429301579219878,0.0153182237448939,0.0460526315789475,"2013_2017",152
"ONP_UNP","augmented","glm_nocal","ch_pre5","adjusted",7,30356,30356,19.5668309386406,19.5213315351001,6.02184129490461,5.95828164861922,0.00755572943760447,1.02144868591088,0.0044543190713646,0.0152852813282382,0.0460526315789475,"2013_2017",152
"ONP_UNP","augmented","glm_nocal","city_travel_time","adjusted",7,30356,30356,137.289676820357,135.492580010495,40.029249993537,39.6499677486333,0.0448945910840534,1.01922303239152,0.0288748182174178,0.0762946369745685,0.315789473684211,"2013_2017",152
"ONP_UNP","augmented","glm_nocal","eastness","adjusted",7,30356,30356,-0.0423613855773547,-0.0419947967908406,0.673009091286448,0.672259224012255,-0.000544701091352841,1.00223213148956,0.00311876725851908,0.0113321913295559,0.0526315789473685,"2013_2017",152
"ONP_UNP","augmented","glm_nocal","elevation","adjusted",7,30356,30356,675.87384586671,670.585463464802,330.480390926107,326.644945888524,0.0160021064701854,1.0236217511829,0.00870324641505513,0.0262221636579259,0.217105263157895,"2013_2017",152
"ONP_UNP","augmented","glm_nocal","gpp_pre5","adjusted",7,30356,30356,1721.46092370536,1719.25137699302,328.3688032172,322.552358887308,0.00672885697635916,1.03639029047501,0.00550684501821352,0.0151864540782712,0.0789473684210527,"2013_2017",152
"ONP_UNP","augmented","glm_nocal","northness","adjusted",7,30356,30356,0.065739142651191,0.0630302502490406,0.73551028762123,0.736453606720804,0.00368301089426152,0.997439852435989,0.0033157518757243,0.011431018579523,0.0460526315789474,"2013_2017",152
"ONP_UNP","augmented","glm_nocal","pop_density","adjusted",7,30356,30356,0.512564252778716,0.783284917630299,3.20288701497184,3.41104853368311,-0.0845239509186879,0.881672794303439,0.096813601928129,0.159737778363421,0.257859949982136,"2010_2014",11196
"ONP_UNP","augmented","glm_nocal","ppt_normal","adjusted",7,30356,30356,1909.76633503334,1899.18604393272,624.594678267415,615.95864496394,0.0169394512453498,1.02823752543371,0.0127412109298343,0.0429898537356701,0.0986842105263158,"2013_2017",152
"ONP_UNP","augmented","glm_nocal","slope","adjusted",7,30356,30356,14.8606238806151,14.793188575101,6.21813780224439,6.06814963299307,0.0108449358407119,1.05004550922993,0.00533226294170386,0.0153841085782053,0.0526315789473684,"2013_2017",152
"ONP_UNP","augmented","glm_nocal","tmean_normal","adjusted",7,30356,30356,12.8162254858652,12.8370359776472,1.24526781257486,1.23762071598408,-0.0167116595899565,1.01239591693435,0.0184045802294849,0.0561668203979444,0.0988083416087388,"2008_2012",2014
"ONP_UNP","augmented","mahal_nocal","agb_pre5","adjusted",7,30356,30356,14868.2146593754,14850.0559625774,4622.06887883962,4571.72014037521,0.0039286945465309,1.02214745625536,0.00417679890346225,0.0144617209118461,0.0526315789473685,"2013_2017",152
"ONP_UNP","augmented","mahal_nocal","ch_pre5","adjusted",7,30356,30356,19.5668309386406,19.5441566762567,6.02184129490461,5.96552540773302,0.0037653370910006,1.01896956279854,0.00438485785457059,0.0148240874950586,0.0526315789473685,"2013_2017",152
"ONP_UNP","augmented","mahal_nocal","city_travel_time","adjusted",7,30356,30356,137.289676820357,135.524323584676,40.029249993537,39.6612426959797,0.0441015816175951,1.01864362278113,0.0281510586035484,0.0747463433917512,0.315789473684211,"2013_2017",152
"ONP_UNP","augmented","mahal_nocal","eastness","adjusted",7,30356,30356,-0.0423613855773547,-0.0417525839930563,0.673009091286448,0.672402202911805,-0.000904596374968266,1.00180594962621,0.00308703540930275,0.0110027671629991,0.0526315789473685,"2013_2017",152
"ONP_UNP","augmented","mahal_nocal","elevation","adjusted",7,30356,30356,675.87384586671,671.652161148072,330.480390926107,326.908229181839,0.0127743879351137,1.02197361903696,0.00834573165836675,0.0255962577414679,0.210526315789474,"2013_2017",152
"ONP_UNP","augmented","mahal_nocal","gpp_pre5","adjusted",7,30356,30356,1721.46092370536,1719.72831071288,328.3688032172,322.239746870522,0.00527642387313616,1.03840211686252,0.00562750773634764,0.0151864540782712,0.0789473684210527,"2013_2017",152
"ONP_UNP","augmented","mahal_nocal","northness","adjusted",7,30356,30356,0.065739142651191,0.0625862040743501,0.73551028762123,0.736374716662814,0.00428673620193415,0.997653581400514,0.00345399589913683,0.0112663064962446,0.0460526315789474,"2013_2017",152
"ONP_UNP","augmented","mahal_nocal","pop_density","adjusted",7,30356,30356,0.512564252778716,0.782988005262031,3.20288701497184,3.42642223646512,-0.0844312494381549,0.873778748467677,0.0964703739535282,0.160100144946633,0.257324044301536,"2010_2014",11196
"ONP_UNP","augmented","mahal_nocal","ppt_normal","adjusted",7,30356,30356,1909.76633503334,1901.19726898077,624.594678267415,617.955864007942,0.0137194029195691,1.02160178632032,0.012291886442192,0.042265120569245,0.0986842105263158,"2013_2017",152
"ONP_UNP","augmented","mahal_nocal","slope","adjusted",7,30356,30356,14.8606238806151,14.8069562040596,6.21813780224439,6.07694131744386,0.00863082779157418,1.04700944538304,0.00494792741375097,0.0149887995783371,0.0526315789473684,"2013_2017",152
"ONP_UNP","augmented","mahal_nocal","tmean_normal","adjusted",7,30356,30356,12.8162254858652,12.8350832962773,1.24526781257486,1.23911428614816,-0.0151435781297251,1.00995679884017,0.0178071361903306,0.0553103175648965,0.101787487586892,"2008_2012",2014
"ONP_UNP","augmented","mahal_pscal","agb_pre5","adjusted",7,30356,30356,14868.2146593754,14835.15673343,4622.06887883962,4562.20681950651,0.00715219240820691,1.02641475740687,0.00439661350622949,0.0155158782448281,0.0460526315789475,"2013_2017",152
"ONP_UNP","augmented","mahal_pscal","ch_pre5","adjusted",7,30356,30356,19.5668309386406,19.5273692214641,6.02184129490461,5.9527718973849,0.00655309817112607,1.02334042065115,0.00456044327205496,0.0156476479114508,0.0460526315789475,"2013_2017",152
"ONP_UNP","augmented","mahal_pscal","city_travel_time","adjusted",7,30356,30356,137.289676820357,135.539326643532,40.029249993537,39.645614355341,0.0437267792203706,1.01944688173261,0.0281391286106889,0.0756357886414548,0.315789473684211,"2013_2017",152
"ONP_UNP","augmented","mahal_pscal","eastness","adjusted",7,30356,30356,-0.0423613855773547,-0.0420593773175219,0.673009091286448,0.672324947339434,-0.000448743209776853,1.00203619406087,0.00312523018279728,0.0114639609961787,0.0526315789473685,"2013_2017",152
"ONP_UNP","augmented","mahal_pscal","elevation","adjusted",7,30356,30356,675.87384586671,671.123097356152,330.480390926107,327.065161510906,0.0143752810786905,1.02099312803863,0.00859140586876031,0.025793912241402,0.217105263157895,"2013_2017",152
"ONP_UNP","augmented","mahal_pscal","gpp_pre5","adjusted",7,30356,30356,1721.46092370536,1719.10216102253,328.3688032172,322.744512020691,0.00718327277050094,1.0351565817586,0.0058745104714711,0.0156805903281065,0.0789473684210527,"2013_2017",152
"ONP_UNP","augmented","mahal_pscal","northness","adjusted",7,30356,30356,0.065739142651191,0.0632846500602124,0.73551028762123,0.736368101101343,0.0033371288373367,0.997671507403099,0.00330393581696037,0.0116945579127685,0.0460526315789474,"2013_2017",152
"ONP_UNP","augmented","mahal_pscal","pop_density","adjusted",7,30356,30356,0.512564252778716,0.750647624228063,3.20288701497184,3.35927969855759,-0.0743339900335011,0.909056563542742,0.0960662496352125,0.160001317696666,0.257502679528403,"2010_2014",11196
"ONP_UNP","augmented","mahal_pscal","ppt_normal","adjusted",7,30356,30356,1909.76633503334,1900.18447961027,624.594678267415,615.923995851463,0.0153409174885145,1.0283532167204,0.0118482827172114,0.041836869152721,0.0986842105263158,"2013_2017",152
"ONP_UNP","augmented","mahal_pscal","slope","adjusted",7,30356,30356,14.8606238806151,14.799667515327,6.21813780224439,6.06741837446539,0.00980299363357217,1.05029863204344,0.00530611016759594,0.0149229147450257,0.0526315789473684,"2013_2017",152
"ONP_UNP","augmented","mahal_pscal","tmean_normal","adjusted",7,30356,30356,12.8162254858652,12.8363371344325,1.24526781257486,1.23886436645163,-0.0161504604586175,1.01036432296149,0.0187634472306495,0.0570562656476479,0.111717974180735,"2008_2012",2014
"ONP_UNP","augmented","nn_exact_1to1","agb_pre5","adjusted",7,30356,30356,14868.2146593754,14548.54839241,4622.06887883962,5603.73694033586,0.0691608618012656,0.68032643558744,0.0784489824374711,0.173441823692186,0.54369414101291,"2008_2012",2014
"ONP_UNP","augmented","nn_exact_1to1","ch_pre5","adjusted",7,30356,30356,19.5668309386406,18.6837192000522,6.02184129490461,7.7049996612144,0.146651446848267,0.610820161022363,0.0889561910799555,0.173968902358677,0.553128103277061,"2008_2012",2014
"ONP_UNP","augmented","nn_exact_1to1","city_travel_time","adjusted",7,30356,30356,137.289676820357,125.73021534432,40.029249993537,29.5945611002158,0.288775369958295,1.82949446082646,0.154341223083586,0.351923837132692,0.947368421052632,"2013_2017",152
"ONP_UNP","augmented","nn_exact_1to1","eastness","adjusted",7,30356,30356,-0.0423613855773547,-0.11087669628608,0.673009091286448,0.702644298674402,0.101804435624725,0.917425502387575,0.073171859688491,0.136776913954408,0.455312810327706,"2008_2012",2014
"ONP_UNP","augmented","nn_exact_1to1","elevation","adjusted",7,30356,30356,675.87384586671,613.885140768293,330.480390926107,436.839330919963,0.18757150741896,0.572331863212579,0.151372051881452,0.293714586902096,0.71896722939424,"2008_2012",2014
"ONP_UNP","augmented","nn_exact_1to1","gpp_pre5","adjusted",7,30356,30356,1721.46092370536,1609.98553827909,328.3688032172,334.637602552442,0.339482266080378,0.96288473101278,0.107471673435442,0.199005139016998,0.506578947368421,"2013_2017",152
"ONP_UNP","augmented","nn_exact_1to1","northness","adjusted",7,30356,30356,0.065739142651191,-0.186176628071081,0.73551028762123,0.677182666274729,0.342504754810448,1.17968440210108,0.120274562302444,0.226017920674661,0.316514387017592,"2009_2013",7333
"ONP_UNP","augmented","nn_exact_1to1","pop_density","adjusted",7,30356,30356,0.512564252778716,5.47995064628626,3.20288701497184,23.8414508391134,-1.55090902997439,0.0180475343458088,0.168214300926862,0.270852549743049,0.592105263157895,"2013_2017",152
"ONP_UNP","augmented","nn_exact_1to1","ppt_normal","adjusted",7,30356,30356,1909.76633503334,1664.03388937642,624.594678267415,462.10736815991,0.393427056308834,1.82688316048625,0.14018755139766,0.345071814468309,0.875,"2013_2017",152
"ONP_UNP","augmented","nn_exact_1to1","slope","adjusted",7,30356,30356,14.8606238806151,13.943566571795,6.21813780224439,6.48087226111163,0.147481020521784,0.920563521978286,0.0592920253472515,0.112333640795889,0.364945382323734,"2008_2012",2014
"ONP_UNP","augmented","nn_exact_1to1","tmean_normal","adjusted",7,30356,30356,12.8162254858652,12.2760935708427,1.24526781257486,1.68922017029214,0.433747591938187,0.543441760305303,0.149768568615285,0.355745157464752,0.810327706057597,"2008_2012",2014
"ONP_UNP","augmented","rmahal_cal025","agb_pre5","adjusted",7,12615,12615,14815.4126516052,14809.3933729687,4265.52857493105,4275.36316722791,0.00130229098577465,0.995404703326597,0.0035948943109356,0.0146650812524772,0.15,"2013_2017",20
"ONP_UNP","augmented","rmahal_cal025","ch_pre5","adjusted",7,12615,12615,19.6321395150849,19.6242346401268,5.36361021853706,5.37541643524681,0.00131270064603056,0.995612153347846,0.00369182500118857,0.0147443519619501,0.15,"2013_2017",20
"ONP_UNP","augmented","rmahal_cal025","city_travel_time","adjusted",7,12615,12615,131.99522768543,131.712069718705,41.573958632958,41.4904880336294,0.00707377647023794,1.00402764905404,0.0109203003974956,0.0387633769322235,0.15,"2013_2017",20
"ONP_UNP","augmented","rmahal_cal025","eastness","adjusted",7,12615,12615,-0.00857574809841471,-0.00919374734923165,0.677805569948339,0.676834212249845,0.000918262856799802,1.00287235692948,0.00284459319955679,0.0103844629409433,0.05,"2013_2017",20
"ONP_UNP","augmented","rmahal_cal025","elevation","adjusted",7,12615,12615,599.570409369119,598.125271233291,275.21547994985,274.405559169937,0.00437284079632687,1.00591180471567,0.0051652725794418,0.016884661117717,0.1,"2013_2017",20
"ONP_UNP","augmented","rmahal_cal025","gpp_pre5","adjusted",7,12615,12615,1757.92172810146,1757.46842647642,288.435903969622,287.1097620978,0.00138046495465938,1.00925920835932,0.00323864121769146,0.0125247720967103,0.1,"2013_2017",20
"ONP_UNP","augmented","rmahal_cal025","northness","adjusted",7,12615,12615,0.107319614807561,0.10794907391232,0.727369867577613,0.728173240415494,-0.000855812781075071,0.997794674058019,0.00274428829291891,0.011097899326199,0.05,"2013_2017",20
"ONP_UNP","augmented","rmahal_cal025","pop_density","adjusted",7,12615,12615,0.56390413389554,0.750152367831243,2.86941568973111,3.03759846320784,-0.0581501105299964,0.892331467766757,0.0741912886260965,0.1235037653587,0.227766798418972,"2010_2014",4048
"ONP_UNP","augmented","rmahal_cal025","ppt_normal","adjusted",7,12615,12615,1791.28411893297,1792.16352476648,563.662426821136,565.396084026929,-0.0014079624180503,0.993876861464314,0.0136812297773104,0.0471660721363457,0.15,"2013_2017",20
"ONP_UNP","augmented","rmahal_cal025","slope","adjusted",7,12615,12615,14.9348595539753,14.9191711084974,5.51411090162031,5.47684665833149,0.00252301347715429,1.01365421302585,0.00330054651512639,0.0122869599682918,0.1,"2013_2017",20
"ONP_UNP","augmented","rmahal_cal025","tmean_normal","adjusted",7,12615,12615,13.067790076074,13.0694636009253,1.01201713204805,1.0113055053479,-0.0013439075790517,1.00140783783346,0.0114924734578571,0.0345620293301625,0.1,"2013_2017",20
"ONP_UNP","augmented","rmahal_nocal","agb_pre5","adjusted",7,30356,30356,14868.2146593754,14828.3467189353,4622.06887883962,4623.14540134172,0.00862556173116037,0.999534344230247,0.00454024260642137,0.0168994597443669,0.0723684210526316,"2013_2017",152
"ONP_UNP","augmented","rmahal_nocal","ch_pre5","adjusted",7,30356,30356,19.5668309386406,19.5219758886839,6.02184129490461,6.01680687977318,0.00744872668673428,1.00167415090548,0.0045851274420926,0.0170312294109896,0.0723684210526316,"2013_2017",152
"ONP_UNP","augmented","rmahal_nocal","city_travel_time","adjusted",7,30356,30356,137.289676820357,136.708773326742,40.029249993537,39.8857857276764,0.0145119754606666,1.00720669155182,0.0195498511739079,0.0527078666490974,0.282894736842105,"2013_2017",152
"ONP_UNP","augmented","rmahal_nocal","eastness","adjusted",7,30356,30356,-0.0423613855773547,-0.0407794533735926,0.673009091286448,0.673273032927828,-0.00235053615804545,0.999216098396151,0.00258862347304687,0.0100803794966399,0.0592105263157895,"2013_2017",152
"ONP_UNP","augmented","rmahal_nocal","elevation","adjusted",7,30356,30356,675.87384586671,677.036001776782,330.480390926107,330.691114489844,-0.00351656540593776,0.998725962593547,0.0124191894431711,0.0377849519040717,0.190789473684211,"2013_2017",152
"ONP_UNP","augmented","rmahal_nocal","gpp_pre5","adjusted",7,30356,30356,1721.46092370536,1714.67043088681,328.3688032172,322.032541378093,0.0206794700106214,1.03973882552008,0.00634006403216135,0.0176900777441033,0.0789473684210527,"2013_2017",152
"ONP_UNP","augmented","rmahal_nocal","northness","adjusted",7,30356,30356,0.065739142651191,0.0636301695929658,0.73551028762123,0.735543619487469,0.00286736038056792,0.999909370130817,0.00295481109847022,0.0107721702464093,0.0460526315789474,"2013_2017",152
"ONP_UNP","augmented","rmahal_nocal","pop_density","adjusted",7,30356,30356,0.512564252778716,0.615986744819492,3.20288701497184,4.64981186159499,-0.0322903966194652,0.474474061512636,0.0131706030491403,0.0547502964817499,0.0986959628438728,"2010_2014",11196
"ONP_UNP","augmented","rmahal_nocal","ppt_normal","adjusted",7,30356,30356,1909.76633503334,1916.73579917744,624.594678267415,633.301982549328,-0.0111583790041844,0.972690924980268,0.0173801852147932,0.0494795098168402,0.111842105263158,"2013_2017",152
"ONP_UNP","augmented","rmahal_nocal","slope","adjusted",7,30356,30356,14.8606238806151,14.7827740344168,6.21813780224439,6.02968427946717,0.0125198007303998,1.06348541806551,0.00546516407896176,0.0188101199103966,0.0592105263157895,"2013_2017",152
"ONP_UNP","augmented","rmahal_nocal","tmean_normal","adjusted",7,30356,30356,12.8162254858652,12.816593630164,1.24526781257486,1.24069003825845,-0.000295634637897078,1.00739301434275,0.0135529605960115,0.0413427329028858,0.152432969215492,"2008_2012",2014
"ONP_UNP","baseline","(before)","city_travel_time","unadjusted",7,30371,11407112,137.280579427473,118.477110157489,40.0331566329561,44.1478952572955,0.469697392148798,0.822279881373,0.130762236267328,0.276412038782044,0.638651811119926,"2013_2017",152
"ONP_UNP","baseline","(before)","eastness","unadjusted",7,30371,11407112,-0.0423728266939394,-0.0842626137427751,0.673061149479794,0.666450276751466,0.0622377135884489,1.01993745469503,0.0341318296485546,0.0660435983282616,0.235705729514054,"2007_2011",1401
"ONP_UNP","baseline","(before)","elevation","unadjusted",7,30371,11407112,675.696758657122,536.257370246608,330.527217866343,359.796833610314,0.421869609742395,0.843917090587687,0.166750092213014,0.274974316496651,0.612443690881386,"2008_2012",2017
"ONP_UNP","baseline","(before)","northness","unadjusted",7,30371,11407112,0.0656656890541196,0.0754037016687653,0.735468541835551,0.736890571281098,-0.0132405562722533,0.996144183666044,0.0277954775260386,0.0574545483339057,0.177513982072954,"2007_2011",1401
"ONP_UNP","baseline","(before)","pop_density","unadjusted",7,30371,11407112,0.516288724520393,7.33696782584395,3.22755116577629,37.0731825656462,-2.11326753659165,0.00757925522584934,0.259776922680905,0.387874150440678,0.478083015994268,"2010_2014",11202
"ONP_UNP","baseline","(before)","ppt_normal","unadjusted",7,30371,11407112,1909.61308896846,1521.7643200311,624.527102428822,448.340092374664,0.62102792245364,1.9403828444238,0.171742825874479,0.322630209109134,0.644177057529994,"2008_2012",2017
"ONP_UNP","baseline","(before)","slope","unadjusted",7,30371,11407112,14.8573612268206,13.649621046836,6.21936601059071,6.46025950062746,0.194190240279792,0.926813401341003,0.0517583147562965,0.105596492153476,0.283661169682565,"2008_2012",2017
"ONP_UNP","baseline","(before)","tmean_normal","unadjusted",7,30371,11407112,12.8164965740517,12.8948262890806,1.24511371942812,1.27769832811995,-0.0629096875302928,0.949645214168532,0.0785999675560107,0.179144796138466,0.299999095158112,"2008_2012",2017
"ONP_UNP","baseline","bart_nocal","city_travel_time","adjusted",7,30371,30371,137.280579427473,136.01488015797,40.0331566329561,39.7296551196307,0.0316162745073442,1.01533669305434,0.0217140006869817,0.0614401896546048,0.223684210526316,"2013_2017",152
"ONP_UNP","baseline","bart_nocal","eastness","adjusted",7,30371,30371,-0.0423728266939394,-0.0437333407404559,0.673061149479794,0.672684968641542,0.00202138252604236,1.00111875852818,0.00271809618966296,0.0103058839024069,0.0592105263157895,"2013_2017",152
"ONP_UNP","baseline","bart_nocal","elevation","adjusted",7,30371,30371,675.696758657122,672.218419970093,330.527217866343,328.040876007563,0.0105236074338541,1.01521617876782,0.00719369770821369,0.0223897797240789,0.111842105263158,"2013_2017",152
"ONP_UNP","baseline","bart_nocal","northness","adjusted",7,30371,30371,0.0656656890541196,0.0628399495875211,0.735468541835551,0.735979757083219,0.00384209426489696,0.998611272398713,0.00259735100967235,0.0108327022488559,0.0460526315789475,"2013_2017",152
"ONP_UNP","baseline","bart_nocal","pop_density","adjusted",7,30371,30371,0.516288724520393,0.688708968685646,3.22755116577629,3.29781197635885,-0.0534213821282,0.957843353152176,0.0785438484551414,0.134206973757861,0.243430837878037,"2008_2012",2017
"ONP_UNP","baseline","bart_nocal","ppt_normal","adjusted",7,30371,30371,1909.61308896846,1904.57868029512,624.527102428822,618.936640564213,0.0080611532369955,1.01814631431903,0.00919188628408352,0.0311481347337921,0.131578947368421,"2013_2017",152
"ONP_UNP","baseline","bart_nocal","slope","adjusted",7,30371,30371,14.8573612268206,14.8136235220826,6.21936601059071,6.12600597185005,0.00703250213342239,1.03071216072627,0.00387925018808388,0.0117217082084884,0.0328947368421053,"2013_2017",152
"ONP_UNP","baseline","bart_nocal","tmean_normal","adjusted",7,30371,30371,12.8164965740517,12.8328171369372,1.24511371942812,1.24265188477375,-0.0131076885836437,1.00396615218105,0.0143200507935046,0.0484672878733002,0.0831994286734511,"2010_2014",11202
"ONP_UNP","baseline","elastic_cal025","city_travel_time","adjusted",7,30309,30309,137.175796354012,135.846970215323,39.9971688888136,39.6846049116909,0.0331931391489468,1.01581443919531,0.0221839509003673,0.0682965455805206,0.263157894736842,"2013_2017",152
"ONP_UNP","baseline","elastic_cal025","eastness","adjusted",7,30309,30309,-0.0417701773538435,-0.0443851776247031,0.673068386003947,0.671677074719804,0.00388523431025666,1.00414708888253,0.00418976271657517,0.0144511531228348,0.0592105263157895,"2013_2017",152
"ONP_UNP","baseline","elastic_cal025","elevation","adjusted",7,30309,30309,674.790725792208,673.998085696835,330.022361501642,330.960276494815,0.00239810839328115,0.994340190822907,0.0068597398764114,0.0223365996898611,0.151315789473684,"2013_2017",152
"ONP_UNP","baseline","elastic_cal025","northness","adjusted",7,30309,30309,0.0664400369052238,0.0616045637663873,0.73542689161891,0.736965091029297,0.00657468384272201,0.995829940500416,0.00370839246693812,0.0110198290936686,0.0592105263157895,"2013_2017",152
"ONP_UNP","baseline","elastic_cal025","pop_density","adjusted",7,30309,30309,0.517280825428825,0.634578793890857,3.23077194935476,3.2414535408138,-0.0363427138524759,0.993420240795176,0.077775381986627,0.134613481144215,0.238095238095238,"2008_2012",2016
"ONP_UNP","baseline","elastic_cal025","ppt_normal","adjusted",7,30309,30309,1906.09634250496,1903.57087021179,619.858450375388,617.995178084858,0.00404381536582617,1.00603914485113,0.00771421534770303,0.0291992477481936,0.144736842105263,"2013_2017",152
"ONP_UNP","baseline","elastic_cal025","slope","adjusted",7,30309,30309,14.8607048234528,14.8004551537077,6.21565852454032,6.09443623934632,0.00968742949723246,1.04017693360967,0.00510137497543287,0.0144511531228348,0.0328947368421053,"2013_2017",152
"ONP_UNP","baseline","elastic_cal025","tmean_normal","adjusted",7,30309,30309,12.8206325090999,12.8307630340459,1.2417063080911,1.25020729897568,-0.00813622465802095,0.986446905331315,0.0149995119639982,0.0494242634201063,0.111842105263158,"2013_2017",152
"ONP_UNP","baseline","elastic_nocal","city_travel_time","adjusted",7,30371,30371,137.280579427473,135.955539983308,40.0331566329561,39.6978101192623,0.0330985501921371,1.01696632279741,0.0224867745528902,0.0622633433209312,0.223684210526316,"2013_2017",152
"ONP_UNP","baseline","elastic_nocal","eastness","adjusted",7,30371,30371,-0.0423728266939394,-0.0431604218832106,0.673061149479794,0.672727591286484,0.00117016884703543,1.00099190487095,0.00266271334035685,0.00987784399591718,0.0592105263157895,"2013_2017",152
"ONP_UNP","baseline","elastic_nocal","elevation","adjusted",7,30371,30371,675.696758657122,671.128294680839,330.527217866343,327.77133461132,0.0138217481930042,1.01688658293018,0.00734273821515073,0.0213690691778341,0.111842105263158,"2013_2017",152
"ONP_UNP","baseline","elastic_nocal","northness","adjusted",7,30371,30371,0.0656656890541196,0.0635762570381963,0.735468541835551,0.735911379344759,0.00284095361945547,0.998796854398385,0.00251806654868584,0.0109644068354681,0.0526315789473684,"2013_2017",152
"ONP_UNP","baseline","elastic_nocal","pop_density","adjusted",7,30371,30371,0.516288724520393,0.691182785967002,3.22755116577629,3.29785289962788,-0.0541878509320372,0.957819581419949,0.0790461157086462,0.134503309077739,0.245909766980664,"2008_2012",2017
"ONP_UNP","baseline","elastic_nocal","ppt_normal","adjusted",7,30371,30371,1909.61308896846,1902.55403998795,624.527102428822,617.077482562158,0.0113030306499973,1.02429058766973,0.00952332895216755,0.031642026933588,0.144736842105263,"2013_2017",152
"ONP_UNP","baseline","elastic_nocal","slope","adjusted",7,30371,30371,14.8573612268206,14.7898636482574,6.21936601059071,6.12589199841209,0.0108528069337303,1.0307505142922,0.00403057115414209,0.0124460834348557,0.0328947368421053,"2013_2017",152
"ONP_UNP","baseline","elastic_nocal","tmean_normal","adjusted",7,30371,30371,12.8164965740517,12.8349665396419,1.24511371942812,1.24371401943749,-0.014833958779803,1.00225210553803,0.0146363399505822,0.0497514075927694,0.0857882520978396,"2010_2014",11202
"ONP_UNP","baseline","glm_nocal","city_travel_time","adjusted",7,30371,30371,137.280579427473,135.954152888805,40.0331566329561,39.6895973636015,0.0331331988338841,1.0173872371229,0.0226209542587482,0.0626584570807679,0.223684210526316,"2013_2017",152
"ONP_UNP","baseline","glm_nocal","eastness","adjusted",7,30371,30371,-0.0423728266939394,-0.0433074320185994,0.673061149479794,0.672599334792661,0.00138858902401709,1.00137369517619,0.00270943149315112,0.0102071054624478,0.0592105263157895,"2013_2017",152
"ONP_UNP","baseline","glm_nocal","elevation","adjusted",7,30371,30371,675.696758657122,671.276063647576,330.527217866343,327.719823635322,0.0133746776985056,1.0172062763585,0.00726757632069611,0.0213690691778341,0.118421052631579,"2013_2017",152
"ONP_UNP","baseline","glm_nocal","northness","adjusted",7,30371,30371,0.0656656890541196,0.0636587844944837,0.735468541835551,0.736012834374608,0.00272874289718385,0.998521516861136,0.00248219054316156,0.0110302591287742,0.0460526315789475,"2013_2017",152
"ONP_UNP","baseline","glm_nocal","pop_density","adjusted",7,30371,30371,0.516288724520393,0.691893229097097,3.22755116577629,3.29748253471845,-0.0544079692488679,0.958034753255246,0.0791451193014973,0.134766718250963,0.245909766980664,"2008_2012",2017
"ONP_UNP","baseline","glm_nocal","ppt_normal","adjusted",7,30371,30371,1909.61308896846,1902.66219383668,624.527102428822,617.115710690456,0.0111298534599203,1.02416368926636,0.00947682029759523,0.031642026933588,0.138157894736842,"2013_2017",152
"ONP_UNP","baseline","glm_nocal","slope","adjusted",7,30371,30371,14.8573612268206,14.7976095012054,6.21936601059071,6.12339740365925,0.00960736601020189,1.03159051483878,0.00398743691017691,0.0119521912350598,0.0328947368421053,"2013_2017",152
"ONP_UNP","baseline","glm_nocal","tmean_normal","adjusted",7,30371,30371,12.8164965740517,12.8347604281422,1.24511371942812,1.24393393999201,-0.0146684224947181,1.00189775174546,0.014638017346566,0.0498501860327286,0.0857882520978396,"2010_2014",11202
"ONP_UNP","baseline","mahal_nocal","city_travel_time","adjusted",7,30371,30371,137.280579427473,136.03589204269,40.0331566329561,39.7257428152013,0.0310914124558013,1.01553668940744,0.021402878863306,0.0605511836949722,0.223684210526316,"2013_2017",152
"ONP_UNP","baseline","mahal_nocal","eastness","adjusted",7,30371,30371,-0.0423728266939394,-0.0433291077919498,0.673061149479794,0.672209933244864,0.00142079378485812,1.00253419397226,0.002628776119058,0.0100754008758356,0.0526315789473684,"2013_2017",152
"ONP_UNP","baseline","mahal_nocal","elevation","adjusted",7,30371,30371,675.696758657122,672.89473273575,330.527217866343,329.003418421566,0.00847744382280975,1.00928457362081,0.00685751307745534,0.0215995522044056,0.111842105263158,"2013_2017",152
"ONP_UNP","baseline","mahal_nocal","northness","adjusted",7,30371,30371,0.0656656890541196,0.0635775931340356,0.735468541835551,0.736374236399894,0.00283913696005626,0.99754163699495,0.00248847541537193,0.0106022192222844,0.0526315789473684,"2013_2017",152
"ONP_UNP","baseline","mahal_nocal","pop_density","adjusted",7,30371,30371,0.516288724520393,0.686142435457071,3.22755116577629,3.28633280277728,-0.0526261869177293,0.964546541174841,0.0783234055429824,0.134174047611208,0.240951908775409,"2008_2012",2017
"ONP_UNP","baseline","mahal_nocal","ppt_normal","adjusted",7,30371,30371,1909.61308896846,1905.34195389116,624.527102428822,619.64247372416,0.00683899075106144,1.01582809967277,0.0090833504763069,0.0308188732672615,0.138157894736842,"2013_2017",152
"ONP_UNP","baseline","mahal_nocal","slope","adjusted",7,30371,30371,14.8573612268206,14.816005699062,6.21936601059071,6.13257662609168,0.00664947643990497,1.02850466279402,0.0038850465073991,0.0119192650884067,0.0328947368421053,"2013_2017",152
"ONP_UNP","baseline","mahal_nocal","tmean_normal","adjusted",7,30371,30371,12.8164965740517,12.831615751063,1.24511371942812,1.24904345898585,-0.0121428081430955,0.993717500127418,0.0140646661673488,0.0483355832866879,0.0823004462072385,"2008_2012",2017
"ONP_UNP","baseline","mahal_pscal","city_travel_time","adjusted",7,30371,30371,137.280579427473,135.956063972911,40.0331566329561,39.6834476831616,0.033085461301646,1.01770258730266,0.0223340437032232,0.0624609002008495,0.223684210526316,"2013_2017",152
"ONP_UNP","baseline","mahal_pscal","eastness","adjusted",7,30371,30371,-0.0423728266939394,-0.0432385909945477,0.673061149479794,0.672484356559585,0.00128630853419103,1.0017161448398,0.00276127312152614,0.0105034407823253,0.0592105263157895,"2013_2017",152
"ONP_UNP","baseline","mahal_pscal","elevation","adjusted",7,30371,30371,675.696758657122,671.563349457506,330.527217866343,327.882776763189,0.0125055032571866,1.01619545318187,0.00721830467803702,0.0210398077113036,0.118421052631579,"2013_2017",152
"ONP_UNP","baseline","mahal_pscal","northness","adjusted",7,30371,30371,0.0656656890541196,0.0636640765037343,0.735468541835551,0.736121479110208,0.00272154747147955,0.99822679349375,0.0025366206971817,0.0110961114220803,0.0460526315789475,"2013_2017",152
"ONP_UNP","baseline","mahal_pscal","pop_density","adjusted",7,30371,30371,0.516288724520393,0.686050455366412,3.22755116577629,3.29223688091726,-0.052597688503317,0.961090136271586,0.07916593783415,0.134602087517698,0.24194348041646,"2008_2012",2017
"ONP_UNP","baseline","mahal_pscal","ppt_normal","adjusted",7,30371,30371,1909.61308896846,1903.02958946031,624.527102428822,617.081169962445,0.0105415753496464,1.02427834630407,0.00901517767145075,0.0310164301471799,0.138157894736842,"2013_2017",152
"ONP_UNP","baseline","mahal_pscal","slope","adjusted",7,30371,30371,14.8573612268206,14.8035570547529,6.21936601059071,6.12698918044549,0.00865107021778089,1.03038138692707,0.00389678475112808,0.0117546343551415,0.0328947368421053,"2013_2017",152
"ONP_UNP","baseline","mahal_pscal","tmean_normal","adjusted",7,30371,30371,12.8164965740517,12.8348775775066,1.24511371942812,1.24446525180972,-0.0147625097756774,1.00104243420159,0.0148894158536436,0.050640413552402,0.0932077342588002,"2008_2012",2017
"ONP_UNP","baseline","nn_exact_1to1","city_travel_time","adjusted",7,30371,30371,137.280579427473,125.568765073097,40.0331566329561,29.6236403797254,0.292552857166771,1.82626088626708,0.154044479212428,0.352145138454447,0.947368421052632,"2013_2017",152
"ONP_UNP","baseline","nn_exact_1to1","eastness","adjusted",7,30371,30371,-0.0423728266939394,-0.105003524919699,0.673061149479794,0.702406229485522,0.0930535037925841,0.918189530745739,0.0705845488109028,0.133350893944882,0.455627169062965,"2008_2012",2017
"ONP_UNP","baseline","nn_exact_1to1","elevation","adjusted",7,30371,30371,675.696758657122,611.766343270342,330.527217866343,437.085883335551,0.193419518669208,0.571848380780197,0.153725569876879,0.297487735010372,0.719385225582548,"2008_2012",2017
"ONP_UNP","baseline","nn_exact_1to1","northness","adjusted",7,30371,30371,0.0656656890541196,-0.18392745050784,0.735468541835551,0.678978378317531,0.339366166415542,1.17331956762534,0.119661926605154,0.224029501827401,0.317109747784594,"2009_2013",7335
"ONP_UNP","baseline","nn_exact_1to1","pop_density","adjusted",7,30371,30371,0.516288724520393,5.68403692310943,3.22755116577629,24.6994956454115,-1.60113594894664,0.0170753691392658,0.170411638000846,0.273056534193803,0.592105263157895,"2013_2017",152
"ONP_UNP","baseline","nn_exact_1to1","ppt_normal","adjusted",7,30371,30371,1909.61308896846,1658.62846813571,624.527102428822,456.96408243355,0.401879469852724,1.86783474070823,0.141099999953217,0.347864739389549,0.875,"2013_2017",152
"ONP_UNP","baseline","nn_exact_1to1","slope","adjusted",7,30371,30371,14.8573612268206,13.9164882736764,6.21936601059071,6.49432529111518,0.151281167813896,0.917115758217168,0.0595311514977721,0.113364722926476,0.364402578086267,"2008_2012",2017
"ONP_UNP","baseline","nn_exact_1to1","tmean_normal","adjusted",7,30371,30371,12.8164965740517,12.2794215992627,1.24511371942812,1.68904064941961,0.431346122373182,0.543422772152357,0.151307349589549,0.355997497612854,0.810609816559246,"2008_2012",2017
"ONP_UNP","baseline","rmahal_cal025","city_travel_time","adjusted",7,23010,23010,134.353016529183,134.042371781667,41.601619343017,41.6023933580276,0.00775968656091317,0.99996279022682,0.00857267513981507,0.0302477183833116,0.102941176470588,"2013_2017",68
"ONP_UNP","baseline","rmahal_cal025","eastness","adjusted",7,23010,23010,-0.0322164792088299,-0.0331218283162131,0.677934532308565,0.677105394062811,0.00134512162540212,1.00245056650505,0.00203731606375384,0.00847457627118645,0.0441176470588236,"2013_2017",68
"ONP_UNP","baseline","rmahal_cal025","elevation","adjusted",7,23010,23010,636.083952540929,633.432620425102,298.194747239579,297.553968630169,0.00802152431785082,1.0043116115478,0.00563982482138389,0.0167318557149066,0.0588235294117647,"2013_2017",68
"ONP_UNP","baseline","rmahal_cal025","northness","adjusted",7,23010,23010,0.077779474537255,0.0777346278261788,0.730315257222674,0.731048362565382,0.0000609770622741696,0.997995378155062,0.0018687484593656,0.00717079530638857,0.0441176470588236,"2013_2017",68
"ONP_UNP","baseline","rmahal_cal025","pop_density","adjusted",7,23010,23010,0.573552803075989,0.628580101586726,3.34251233812339,3.41139027363874,-0.0170492412619898,0.960026506825112,0.0346260937893893,0.0747066492829205,0.149993579041993,"2010_2014",7787
"ONP_UNP","baseline","rmahal_cal025","ppt_normal","adjusted",7,23010,23010,1846.51636504,1847.08094576057,593.066145930219,594.52116062388,-0.000904013161921567,0.995111244784903,0.00966615845643234,0.032290308561495,0.0588235294117647,"2013_2017",68
"ONP_UNP","baseline","rmahal_cal025","slope","adjusted",7,23010,23010,14.7132606591105,14.6999370656684,5.92156252890114,5.90515763622447,0.00214227518035917,1.00556384116776,0.00217570059353331,0.00899608865710562,0.0441176470588236,"2013_2017",68
"ONP_UNP","baseline","rmahal_cal025","tmean_normal","adjusted",7,23010,23010,12.9685315239072,12.9704634065889,1.10437779119329,1.10415432152722,-0.00155157127544251,1.0004048207315,0.00772378096484006,0.025206431986093,0.0588235294117647,"2013_2017",68
"ONP_UNP","baseline","rmahal_nocal","city_travel_time","adjusted",7,30371,30371,137.280579427473,136.92616792771,40.0331566329561,39.8577155960607,0.00885294914444922,1.00882274120319,0.0136772937069573,0.0404991603832604,0.236842105263158,"2013_2017",152
"ONP_UNP","baseline","rmahal_nocal","eastness","adjusted",7,30371,30371,-0.0423728266939394,-0.0434591143658674,0.673061149479794,0.673498105017262,0.00161395093561344,0.99870285071601,0.00233627397863407,0.0093839517961213,0.0592105263157895,"2013_2017",152
"ONP_UNP","baseline","rmahal_nocal","elevation","adjusted",7,30371,30371,675.696758657122,677.948722071794,330.527217866343,336.434283055016,-0.00681324651327962,0.965192563426113,0.0109600667043183,0.0308517994139146,0.131578947368421,"2013_2017",152
"ONP_UNP","baseline","rmahal_nocal","northness","adjusted",7,30371,30371,0.0656656890541196,0.0638358649176301,0.735468541835551,0.735166186062171,0.00248797063695308,1.00082271996417,0.0023407106278026,0.00875835500971322,0.0460526315789475,"2013_2017",152
"ONP_UNP","baseline","rmahal_nocal","pop_density","adjusted",7,30371,30371,0.516288724520393,0.569497804186213,3.22755116577629,4.108072810671,-0.016485898110626,0.617262661203051,0.00793112166895306,0.0332554081195878,0.0723684210526316,"2013_2017",152
"ONP_UNP","baseline","rmahal_nocal","ppt_normal","adjusted",7,30371,30371,1909.61308896846,1917.92765741636,624.527102428822,636.960267116878,-0.0133133829029493,0.961341953143533,0.0137177590138574,0.0474465773270554,0.171052631578947,"2013_2017",152
"ONP_UNP","baseline","rmahal_nocal","slope","adjusted",7,30371,30371,14.8573612268206,14.8024403218579,6.21936601059071,6.06616714943856,0.00883062757026917,1.05114707468266,0.00422777744012516,0.0164959994731817,0.0526315789473684,"2013_2017",152
"ONP_UNP","baseline","rmahal_nocal","tmean_normal","adjusted",7,30371,30371,12.8164965740517,12.8098995876102,1.24511371942812,1.27120027233947,0.0052983003388041,0.959378722912385,0.00938166430490161,0.0326627374798327,0.118492811105602,"2008_2012",2017
"TNP_UNP","augmented","(before)","agb_pre5","unadjusted",36,60345,260522552,11290.3200223714,11920.7241282196,5413.7712829721,5880.33701969682,-0.116444539840657,0.847608636360594,0.036316158199879,0.0986579353193829,0.390611960756336,"1988_1991",8
"TNP_UNP","augmented","(before)","ch_pre5","unadjusted",36,60345,260522552,14.6126211778398,15.6510987986264,7.44861306958099,7.76623332738346,-0.139418924178994,0.919877425128332,0.042280076449916,0.100872864228149,0.345608869171931,"1988_1991",8
"TNP_UNP","augmented","(before)","city_travel_time","unadjusted",36,60345,260522552,117.0102742199,107.08752978251,44.8797602045955,52.2830032253156,0.221096199983133,0.736851552849543,0.0700981442052227,0.157056803640636,0.659907946871436,"1989_1992",31
"TNP_UNP","augmented","(before)","eastness","unadjusted",36,60345,260522552,-0.0616233798686024,-0.102130322728001,0.665356227330722,0.662465526834866,0.0608800837739267,1.0087461376766,0.023995195678526,0.046216251080345,0.428245607609001,"1991_1994",9
"TNP_UNP","augmented","(before)","elevation","unadjusted",36,60345,260522552,907.719432755363,825.73561671907,572.792424942031,523.712036834534,0.143130063294028,1.19621548585177,0.0788599571229957,0.176883587348611,0.468277869372525,"1985_1988",14
"TNP_UNP","augmented","(before)","gpp_pre5","unadjusted",36,60345,260522552,1311.65528627061,1426.35670194015,372.507299468471,425.61724540956,-0.307917229630673,0.766004183445603,0.0600370248786419,0.156661481033907,0.433220462681022,"1992_1995",194
"TNP_UNP","augmented","(before)","northness","unadjusted",36,60345,260522552,0.0105334105167668,0.0768704469165215,0.743847950874995,0.738055551983249,-0.0891809089770589,1.01575797050644,0.0267693440087596,0.0509679300011433,0.324172903719441,"1991_1994",9
"TNP_UNP","augmented","(before)","pop_density","unadjusted",36,60345,260522552,3.96107175362443,13.4654372527115,22.9048593445913,50.8177706042082,-0.414949743026097,0.203153374885999,0.161008672523357,0.237864271410437,0.660945268659195,"1989_1992",31
"TNP_UNP","augmented","(before)","ppt_normal","unadjusted",36,60345,260522552,1362.58568281262,1396.64789082581,489.235147356389,510.483225576326,-0.0696233870302531,0.918485592048812,0.0591138770346748,0.126576693706113,0.515634033438812,"1989_1992",31
"TNP_UNP","augmented","(before)","slope","unadjusted",36,60345,260522552,10.9173113617906,12.6287246387792,6.216546291046,6.88525410482088,-0.275299691639644,0.815189164242179,0.0566814941906495,0.114161494356318,0.565540405625424,"1990_1993",32
"TNP_UNP","augmented","(before)","tmean_normal","unadjusted",36,60345,260522552,11.6512731539955,12.3392022539003,2.03272047998385,2.14647889018718,-0.338427790086663,0.896813386272428,0.119895068291267,0.217179241660181,0.662017209731243,"1989_1992",31
"TNP_UNP","augmented","bart_nocal","agb_pre5","adjusted",36,60345,60345,11290.3200223714,11374.082753335,5413.7712829721,5413.69439321208,-0.0154721591632589,1.00002840585392,0.00489830002017489,0.0173668075234071,0.25,"1988_1991",8
"TNP_UNP","augmented","bart_nocal","ch_pre5","adjusted",36,60345,60345,14.6126211778398,14.7200269315447,7.44861306958099,7.45806058152666,-0.0144195641123475,0.997468100985263,0.00500446386162086,0.0164719529372773,0.222222222222222,"1991_1994",9
"TNP_UNP","augmented","bart_nocal","city_travel_time","adjusted",36,60345,60345,117.0102742199,116.714040649468,44.8797602045955,44.7765521939133,0.00660060501843357,1.00461522607765,0.00750050777652735,0.0291490595741155,0.290322580645161,"1989_1992",31
"TNP_UNP","augmented","bart_nocal","eastness","adjusted",36,60345,60345,-0.0616233798686024,-0.0626994245162189,0.665356227330722,0.664858716442993,0.00161724592543958,1.00149715125345,0.00326159356219072,0.0124451072996934,0.222222222222222,"1991_1994",9
"TNP_UNP","augmented","bart_nocal","elevation","adjusted",36,60345,60345,907.719432755363,897.042720403568,572.792424942031,574.989144652713,0.0186397582909302,0.992373687407787,0.00867936199683533,0.0298616289667744,0.290322580645161,"1989_1992",31
"TNP_UNP","augmented","bart_nocal","gpp_pre5","adjusted",36,60345,60345,1311.65528627061,1316.70119313945,372.507299468471,373.725045488613,-0.0135457932664367,0.993493815400058,0.00578924319794569,0.0191730880768912,0.333333333333333,"1991_1994",9
"TNP_UNP","augmented","bart_nocal","northness","adjusted",36,60345,60345,0.0105334105167668,0.0111433867757368,0.743847950874995,0.744227306506568,-0.000820028149909574,0.998980798087844,0.00310411877851943,0.0121965365813241,0.222222222222222,"1991_1994",9
"TNP_UNP","augmented","bart_nocal","pop_density","adjusted",36,60345,60345,3.96107175362443,4.1550619146908,22.9048593445913,22.8513808342365,-0.00846938888154243,1.00468602645485,0.0239706073615654,0.0501781423481647,0.34375,"1990_1993",32
"TNP_UNP","augmented","bart_nocal","ppt_normal","adjusted",36,60345,60345,1362.58568281262,1359.87047758268,489.235147356389,488.924944726472,0.00554989813101952,1.00126931971308,0.00699079318826613,0.0290164885243185,0.419354838709677,"1989_1992",31
"TNP_UNP","augmented","bart_nocal","slope","adjusted",36,60345,60345,10.9173113617906,10.9309444055703,6.216546291046,6.18194161991324,-0.00219302537798674,1.01122673962208,0.00426281435564144,0.0157925263070677,0.222222222222222,"1991_1994",9
"TNP_UNP","augmented","bart_nocal","tmean_normal","adjusted",36,60345,60345,11.6512731539955,11.6715820291639,2.03272047998385,2.04628904456792,-0.00999098270932121,0.986782337228902,0.00824056435193148,0.0308724832214765,0.387096774193548,"1989_1992",31
"TNP_UNP","augmented","elastic_cal025","agb_pre5","adjusted",36,60343,60343,11290.3807276735,11376.8026075933,5413.85052664557,5408.14976838396,-0.0159633415234268,1.00210932134096,0.00508392938782725,0.0179805445536351,0.25,"1988_1991",8
"TNP_UNP","augmented","elastic_cal025","ch_pre5","adjusted",36,60343,60343,14.6129008331803,14.7270764660415,7.44849327131762,7.44946324904914,-0.0153284419253077,0.999739601485425,0.00525397451805369,0.0172182357522828,0.222222222222222,"1991_1994",9
"TNP_UNP","augmented","elastic_cal025","city_travel_time","adjusted",36,60343,60343,117.010333599068,116.723883849729,44.8803766479866,44.7819682385736,0.00638260427490776,1.0043998305374,0.00745667954112897,0.0287854432162803,0.290322580645161,"1989_1992",31
"TNP_UNP","augmented","elastic_cal025","eastness","adjusted",36,60343,60343,-0.0616314899497387,-0.062964304280484,0.665349165178032,0.664629703565786,0.00200315902368915,1.00216617168014,0.00331342824605154,0.0123460881958139,0.222222222222222,"1991_1994",9
"TNP_UNP","augmented","elastic_cal025","elevation","adjusted",36,60343,60343,907.700505025832,896.916222641264,572.789258394281,574.938860950735,0.0188275576194268,0.992536305351277,0.00876285469545666,0.0301277695838788,0.258064516129032,"1989_1992",31
"TNP_UNP","augmented","elastic_cal025","gpp_pre5","adjusted",36,60343,60343,1311.64983925227,1316.70487463335,372.495906264765,373.204149667824,-0.0135702988593354,0.996208126979523,0.00557098711628083,0.0180136884145634,0.333333333333333,"1991_1994",9
"TNP_UNP","augmented","elastic_cal025","northness","adjusted",36,60343,60343,0.0105471701269469,0.0109199511985135,0.74385339901638,0.744401654954054,-0.000501152246407346,0.998527531374331,0.00323273557966583,0.0119980776560662,0.222222222222222,"1991_1994",9
"TNP_UNP","augmented","elastic_cal025","pop_density","adjusted",36,60343,60343,3.96120303883575,4.13630996708993,22.9052275731328,22.8425398668572,-0.00764496850296197,1.00549621231664,0.0232415780807246,0.0496495036706826,0.34375,"1990_1993",32
"TNP_UNP","augmented","elastic_cal025","ppt_normal","adjusted",36,60343,60343,1362.58687680246,1359.59479617644,489.242858687805,488.608518235449,0.00611583334146331,1.00259820366529,0.00723113323802383,0.029216313408349,0.387096774193548,"1989_1992",31
"TNP_UNP","augmented","elastic_cal025","slope","adjusted",36,60343,60343,10.9173214733391,10.9247991697817,6.21646040665883,6.18022510627092,-0.00120286990437661,1.01176058328751,0.00430406138010681,0.0159256251760768,0.222222222222222,"1991_1994",9
"TNP_UNP","augmented","elastic_cal025","tmean_normal","adjusted",36,60343,60343,11.6513789410385,11.671570161473,2.03264558857904,2.04375973286072,-0.00993310228007982,0.989153397770935,0.00787344854438429,0.0297300432527385,0.354838709677419,"1989_1992",31
"TNP_UNP","augmented","elastic_nocal","agb_pre5","adjusted",36,60345,60345,11290.3200223714,11376.0263857818,5413.7712829721,5410.46446066396,-0.0158311755208349,1.00122275375089,0.0049445024463634,0.0173833789046317,0.25,"1988_1991",8
"TNP_UNP","augmented","elastic_nocal","ch_pre5","adjusted",36,60345,60345,14.6126211778398,14.7222528823562,7.44861306958099,7.45529995035429,-0.0147184050899449,0.998206944861654,0.00506204912759251,0.016753666418096,0.222222222222222,"1991_1994",9
"TNP_UNP","augmented","elastic_nocal","city_travel_time","adjusted",36,60345,60345,117.0102742199,116.717072421083,44.8797602045955,44.7763133694961,0.00653305181402171,1.00462594278332,0.00750971943221897,0.0291822023365648,0.290322580645161,"1989_1992",31
"TNP_UNP","augmented","elastic_nocal","eastness","adjusted",36,60345,60345,-0.0616233798686024,-0.0626671772850707,0.665356227330722,0.664718034219665,0.00156877981086274,1.00192111373998,0.00327482039414734,0.0124948214433673,0.222222222222222,"1991_1994",9
"TNP_UNP","augmented","elastic_nocal","elevation","adjusted",36,60345,60345,907.719432755363,897.028227395243,572.792424942031,575.042519368777,0.0186650606652183,0.992189474227668,0.00871032969364387,0.0297953434418759,0.258064516129032,"1989_1992",31
"TNP_UNP","augmented","elastic_nocal","gpp_pre5","adjusted",36,60345,60345,1311.65528627061,1316.90910597398,372.507299468471,373.506561643036,-0.0141039375895986,0.994656450048535,0.0058513277325852,0.0193885160328113,0.333333333333333,"1991_1994",9
"TNP_UNP","augmented","elastic_nocal","northness","adjusted",36,60345,60345,0.0105334105167668,0.0110391586335288,0.743847950874995,0.744357230394105,-0.000679907924955848,0.998632094168993,0.00313520157014848,0.0121633938188748,0.222222222222222,"1991_1994",9
"TNP_UNP","augmented","elastic_nocal","pop_density","adjusted",36,60345,60345,3.96107175362443,4.1581989127793,22.9048593445913,22.8619002041058,-0.00860634663541039,1.00376167350444,0.023978192736667,0.0501615709669401,0.34375,"1990_1993",32
"TNP_UNP","augmented","elastic_nocal","ppt_normal","adjusted",36,60345,60345,1362.58568281262,1359.87861550287,489.235147356389,488.891630275261,0.00553326416626898,1.00140578297956,0.00699828511117478,0.0290496312867678,0.387096774193548,"1989_1992",31
"TNP_UNP","augmented","elastic_nocal","slope","adjusted",36,60345,60345,10.9173113617906,10.9331249625118,6.216546291046,6.18154905786541,-0.00254379199973875,1.01135518051638,0.00428068875414322,0.0157759549258431,0.222222222222222,"1991_1994",9
"TNP_UNP","augmented","elastic_nocal","tmean_normal","adjusted",36,60345,60345,11.6512731539955,11.6716613688063,2.03272047998385,2.04633687158978,-0.0100300139697306,0.986736211579159,0.00824047757260966,0.0310050542712735,0.354838709677419,"1989_1992",31
"TNP_UNP","augmented","glm_cal025","agb_pre5","adjusted",36,60345,60345,11290.3200223714,11946.3802841992,5413.7712829721,6348.04602542119,-0.121183594122514,0.727310193488476,0.0335858618193237,0.079161488110034,0.5,"1988_1991",8
"TNP_UNP","augmented","glm_cal025","ch_pre5","adjusted",36,60345,60345,14.6126211778398,15.449949873499,7.44861306958099,8.50161159945461,-0.112414041088899,0.767623583901515,0.0335814657612445,0.0793934874471787,0.5,"1988_1991",8
"TNP_UNP","augmented","glm_cal025","city_travel_time","adjusted",36,60345,60345,117.0102742199,114.805079189897,44.8797602045955,46.9394349995587,0.0491356241644426,0.914166579303832,0.0302138493059955,0.083668903803132,0.5,"1988_1991",8
"TNP_UNP","augmented","glm_cal025","eastness","adjusted",36,60345,60345,-0.0616233798686024,-0.0765917546785907,0.665356227330722,0.670902458950223,0.0224967832194769,0.983534695127945,0.0147561228983073,0.0368547518435662,0.333333333333333,"1991_1994",9
"TNP_UNP","augmented","glm_cal025","elevation","adjusted",36,60345,60345,907.719432755363,863.753380376977,572.792424942031,588.360136596329,0.0767573914456629,0.947781116325713,0.0356661771347988,0.08287347750435,0.357142857142857,"1985_1988",14
"TNP_UNP","augmented","glm_cal025","gpp_pre5","adjusted",36,60345,60345,1311.65528627061,1319.89005302842,372.507299468471,411.579083036375,-0.0221063232037602,0.819149148695819,0.0259417415537579,0.0563592675449499,0.375,"1988_1991",8
"TNP_UNP","augmented","glm_cal025","northness","adjusted",36,60345,60345,0.0105334105167668,-0.0143328239207876,0.743847950874995,0.737350317002014,0.0334291899417133,1.01770193285508,0.0146850835464807,0.0357776120639655,0.387096774193548,"1989_1992",31
"TNP_UNP","augmented","glm_cal025","pop_density","adjusted",36,60345,60345,3.96107175362443,5.24024151193802,22.9048593445913,23.2490409348728,-0.0558470907447704,0.970610922104859,0.079419364969072,0.12529621343939,0.375,"1988_1991",8
"TNP_UNP","augmented","glm_cal025","ppt_normal","adjusted",36,60345,60345,1362.58568281262,1333.96105332874,489.235147356389,507.814337738816,0.0585089391850855,0.928165415978387,0.0342274167346715,0.0889551744137874,0.354838709677419,"1989_1992",31
"TNP_UNP","augmented","glm_cal025","slope","adjusted",36,60345,60345,10.9173113617906,10.6937343966298,6.216546291046,6.46422871059255,0.0359648194823034,0.924836403794173,0.0210534737439409,0.0494987157179551,0.357142857142857,"1985_1988",14
"TNP_UNP","augmented","glm_cal025","tmean_normal","adjusted",36,60345,60345,11.6512731539955,11.7253391716551,2.03272047998385,2.18110798911022,-0.036436892523553,0.868562327314011,0.0327770999587231,0.0852100422570222,0.483870967741935,"1989_1992",31
"TNP_UNP","augmented","glm_nocal","agb_pre5","adjusted",36,60345,60345,11290.3200223714,11374.6520962797,5413.7712829721,5411.36070231978,-0.0155773248444404,1.00089113171403,0.0049026979215902,0.0172508078548347,0.25,"1988_1991",8
"TNP_UNP","augmented","glm_nocal","ch_pre5","adjusted",36,60345,60345,14.6126211778398,14.7216314556017,7.44861306958099,7.45545445094281,-0.0146349765712858,0.998165573282374,0.00505586316712061,0.016753666418096,0.222222222222222,"1991_1994",9
"TNP_UNP","augmented","glm_nocal","city_travel_time","adjusted",36,60345,60345,117.0102742199,116.719923460139,44.8797602045955,44.7721890812939,0.00646952564892669,1.00481103794378,0.00750361652273841,0.0291324881928909,0.290322580645161,"1989_1992",31
"TNP_UNP","augmented","glm_nocal","eastness","adjusted",36,60345,60345,-0.0616233798686024,-0.0626317018653846,0.665356227330722,0.664739223759106,0.00151546187645581,1.00185723934285,0.00325063841183165,0.0124782500621427,0.222222222222222,"1991_1994",9
"TNP_UNP","augmented","glm_nocal","elevation","adjusted",36,60345,60345,907.719432755363,897.130153072407,572.792424942031,575.065372821408,0.0184871154398181,0.99211061535122,0.0086760850477445,0.0297622006794266,0.258064516129032,"1989_1992",31
"TNP_UNP","augmented","glm_nocal","gpp_pre5","adjusted",36,60345,60345,1311.65528627061,1316.97690778026,372.507299468471,373.52683952926,-0.0142859522947499,0.994548457900641,0.00588324922611033,0.0193719446515867,0.333333333333333,"1991_1994",9
"TNP_UNP","augmented","glm_nocal","northness","adjusted",36,60345,60345,0.0105334105167668,0.0110442623215006,0.743847950874995,0.744341217620123,-0.000686769122819972,0.998675061135324,0.00313133437252656,0.0121799652000994,0.222222222222222,"1991_1994",9
"TNP_UNP","augmented","glm_nocal","pop_density","adjusted",36,60345,60345,3.96107175362443,4.16081277638108,22.9048593445913,22.8673053441338,-0.0087204649350453,1.00328721172509,0.0239033994067612,0.0500621426795924,0.34375,"1990_1993",32
"TNP_UNP","augmented","glm_nocal","ppt_normal","adjusted",36,60345,60345,1362.58568281262,1359.93869050516,489.235147356389,488.927782719547,0.00541047044914737,1.00125769596311,0.00699315090043827,0.0289170602369708,0.387096774193548,"1989_1992",31
"TNP_UNP","augmented","glm_nocal","slope","adjusted",36,60345,60345,10.9173113617906,10.9374095486152,6.216546291046,6.18108123895312,-0.00323301490628121,1.01150827637997,0.00433300405006713,0.0159913828817632,0.222222222222222,"1991_1994",9
"TNP_UNP","augmented","glm_nocal","tmean_normal","adjusted",36,60345,60345,11.6512731539955,11.6713449347769,2.03272047998385,2.04655554179918,-0.00987434375706026,0.986525361414262,0.00827454317985343,0.0310547684149474,0.354838709677419,"1989_1992",31
"TNP_UNP","augmented","mahal_nocal","agb_pre5","adjusted",36,60345,60345,11290.3200223714,11375.2006048554,5413.7712829721,5411.14017177288,-0.0156786421234713,1.00097271583845,0.00490203475994412,0.0174496644295302,0.25,"1988_1991",8
"TNP_UNP","augmented","mahal_nocal","ch_pre5","adjusted",36,60345,60345,14.6126211778398,14.7208828434093,7.44861306958099,7.45604350655528,-0.0145344730029769,0.998007861808057,0.00501614203096399,0.0166376667495236,0.222222222222222,"1991_1994",9
"TNP_UNP","augmented","mahal_nocal","city_travel_time","adjusted",36,60345,60345,117.0102742199,116.714748840018,44.8797602045955,44.7809261783941,0.00658482528727197,1.00441898374046,0.00750029289304284,0.0291490595741155,0.290322580645161,"1989_1992",31
"TNP_UNP","augmented","mahal_nocal","eastness","adjusted",36,60345,60345,-0.0616233798686024,-0.062623490113271,0.665356227330722,0.664794917226558,0.00150311998834181,1.00168938437013,0.00324733469647884,0.0125776783494904,0.222222222222222,"1991_1994",9
"TNP_UNP","augmented","mahal_nocal","elevation","adjusted",36,60345,60345,907.719432755363,897.005288423422,572.792424942031,575.019412217196,0.018705108282508,0.992269218085857,0.00872220993982758,0.0298450575855498,0.290322580645161,"1989_1992",31
"TNP_UNP","augmented","mahal_nocal","gpp_pre5","adjusted",36,60345,60345,1311.65528627061,1316.60394813158,372.507299468471,373.631343705666,-0.0132847379582298,0.993992188015498,0.00574394349947393,0.019139945314442,0.333333333333333,"1991_1994",9
"TNP_UNP","augmented","mahal_nocal","northness","adjusted",36,60345,60345,0.0105334105167668,0.0110252152454254,0.743847950874995,0.744292449800089,-0.000661162981063722,0.998805936576135,0.00310870670204695,0.0122131079625487,0.222222222222222,"1991_1994",9
"TNP_UNP","augmented","mahal_nocal","pop_density","adjusted",36,60345,60345,3.96107175362443,4.15739189888014,22.9048593445913,22.858720334456,-0.00857111333024052,1.00404095889241,0.02397774981368,0.050078714060817,0.34375,"1990_1993",32
"TNP_UNP","augmented","mahal_nocal","ppt_normal","adjusted",36,60345,60345,1362.58568281262,1359.85122527229,489.235147356389,488.952637320596,0.00558924998562187,1.00115590603019,0.00700909915421611,0.0291159168116663,0.387096774193548,"1989_1992",31
"TNP_UNP","augmented","mahal_nocal","slope","adjusted",36,60345,60345,10.9173113617906,10.9263340303717,6.216546291046,6.18120752892915,-0.00145139570409439,1.01146694398645,0.00424668316955333,0.0156599552572707,0.222222222222222,"1991_1994",9
"TNP_UNP","augmented","mahal_nocal","tmean_normal","adjusted",36,60345,60345,11.6512731539955,11.6715328498965,2.03272047998385,2.0464282532636,-0.0099667888922553,0.98664808965916,0.00828074249033789,0.0310879111773966,0.387096774193548,"1989_1992",31
"TNP_UNP","augmented","mahal_pscal","agb_pre5","adjusted",36,60345,60345,11290.3200223714,11373.1927168779,5413.7712829721,5411.63416932799,-0.015307756862068,1.00078997787435,0.00493015475653568,0.0171016654238131,0.25,"1988_1991",8
"TNP_UNP","augmented","mahal_pscal","ch_pre5","adjusted",36,60345,60345,14.6126211778398,14.7199022321118,7.44861306958099,7.45514037080424,-0.0144028228167837,0.998249679166325,0.00506910681125068,0.0165879526058497,0.222222222222222,"1991_1994",9
"TNP_UNP","augmented","mahal_pscal","city_travel_time","adjusted",36,60345,60345,117.0102742199,116.732226278642,44.8797602045955,44.7574405072302,0.00619539721225592,1.00547336230942,0.00751393404528414,0.0291822023365648,0.290322580645161,"1989_1992",31
"TNP_UNP","augmented","mahal_pscal","eastness","adjusted",36,60345,60345,-0.0616233798686024,-0.0627899561721469,0.665356227330722,0.66463339434351,0.00175331086660826,1.00217631571878,0.00332932162898991,0.0126439638743889,0.222222222222222,"1991_1994",9
"TNP_UNP","augmented","mahal_pscal","elevation","adjusted",36,60345,60345,907.719432755363,897.026354609809,572.792424942031,575.293812760681,0.0186683302361003,0.991322869380022,0.00881658049739481,0.0301930565912669,0.258064516129032,"1989_1992",31
"TNP_UNP","augmented","mahal_pscal","gpp_pre5","adjusted",36,60345,60345,1311.65528627061,1316.70196785152,372.507299468471,373.598245154973,-0.0135478729896347,0.994168319239923,0.00576228087658851,0.0194216587952606,0.25,"1988_1991",8
"TNP_UNP","augmented","mahal_pscal","northness","adjusted",36,60345,60345,0.0105334105167668,0.0109048148854615,0.743847950874995,0.744424440035578,-0.000499301461082028,0.998451781241114,0.00320981132186344,0.0120142513878532,0.222222222222222,"1991_1994",9
"TNP_UNP","augmented","mahal_pscal","pop_density","adjusted",36,60345,60345,3.96107175362443,4.11511859903451,22.9048593445913,22.816715200545,-0.00672550933810744,1.00774120199281,0.0229916448045512,0.0492170022371365,0.28125,"1990_1993",32
"TNP_UNP","augmented","mahal_pscal","ppt_normal","adjusted",36,60345,60345,1362.58568281262,1360.06826121101,489.235147356389,489.079671891656,0.0051456270368385,1.00063588894008,0.00702881910116794,0.028817631949623,0.387096774193548,"1989_1992",31
"TNP_UNP","augmented","mahal_pscal","slope","adjusted",36,60345,60345,10.9173113617906,10.934005623141,6.216546291046,6.18063455169395,-0.00268545597004555,1.01165448925927,0.00423493874196714,0.0155936697323722,0.222222222222222,"1991_1994",9
"TNP_UNP","augmented","mahal_pscal","tmean_normal","adjusted",36,60345,60345,11.6512731539955,11.6706923630907,2.03272047998385,2.0462230410541,-0.00955331010163546,0.986845998081866,0.00814269470989648,0.0308393404590273,0.354838709677419,"1989_1992",31
"TNP_UNP","augmented","nn_exact_1to1","agb_pre5","adjusted",36,60345,60345,11290.3200223714,11937.4234526473,5413.7712829721,7047.4835922933,-0.119529140861797,0.590108215943791,0.0534246452248054,0.116960808683404,0.555555555555556,"1991_1994",9
"TNP_UNP","augmented","nn_exact_1to1","ch_pre5","adjusted",36,60345,60345,14.6126211778398,15.2749734870796,7.44861306958099,9.35536023017717,-0.0889229045800165,0.633913206892751,0.0539436650416532,0.113729389344602,0.548387096774194,"1989_1992",31
"TNP_UNP","augmented","nn_exact_1to1","city_travel_time","adjusted",36,60345,60345,117.0102742199,119.53643930777,44.8797602045955,44.0605946657505,-0.0562874016339212,1.03752924462129,0.0652149570674869,0.176468638661032,0.709677419354839,"1989_1992",31
"TNP_UNP","augmented","nn_exact_1to1","eastness","adjusted",36,60345,60345,-0.0616233798686024,-0.0910304277921648,0.665356227330722,0.665222725814206,0.0441974489989184,1.00040141416503,0.0424161894840602,0.0931145911011684,0.555555555555556,"1991_1994",9
"TNP_UNP","augmented","nn_exact_1to1","elevation","adjusted",36,60345,60345,907.719432755363,1064.65871058902,572.792424942031,728.78849599164,-0.273989792811138,0.617719789113391,0.0844743119060666,0.231933051619852,0.774193548387097,"1989_1992",31
"TNP_UNP","augmented","nn_exact_1to1","gpp_pre5","adjusted",36,60345,60345,1311.65528627061,1207.63389676029,372.507299468471,438.604737322364,0.279246580291832,0.721311636564708,0.0892515548870073,0.176418924517359,0.666666666666667,"1991_1994",9
"TNP_UNP","augmented","nn_exact_1to1","northness","adjusted",36,60345,60345,0.0105334105167668,-0.252952611858857,0.743847950874995,0.696579167379022,0.354220270507814,1.14032167198153,0.102518679299538,0.186129753914989,0.53125,"1990_1993",32
"TNP_UNP","augmented","nn_exact_1to1","pop_density","adjusted",36,60345,60345,3.96107175362443,5.00338993138143,22.9048593445913,27.5621689802146,-0.0455064212390866,0.690603025068555,0.105548819686552,0.214052531278482,0.741935483870968,"1989_1992",31
"TNP_UNP","augmented","nn_exact_1to1","ppt_normal","adjusted",36,60345,60345,1362.58568281262,1554.34907380301,489.235147356389,482.792977329523,-0.391965687720102,1.0268651410671,0.148728641172392,0.326721352224708,0.741935483870968,"1989_1992",31
"TNP_UNP","augmented","nn_exact_1to1","slope","adjusted",36,60345,60345,10.9173113617906,11.6759091978051,6.216546291046,7.60542835824249,-0.122028824446641,0.668114634080787,0.0466747065081614,0.106073411218825,0.555555555555556,"1991_1994",9
"TNP_UNP","augmented","nn_exact_1to1","tmean_normal","adjusted",36,60345,60345,11.6512731539955,10.4693437491152,2.03272047998385,2.87771676035427,0.581452008044782,0.498952534613106,0.129100443037629,0.278647775292071,0.709677419354839,"1989_1992",31
"TNP_UNP","augmented","rmahal_cal025","agb_pre5","adjusted",36,45112,45112,11318.4760928356,11359.9172947331,5364.79497602684,5388.05138467532,-0.00765477515237065,0.991386044321262,0.00403492041319602,0.0153839333215109,0.333333333333333,"1991_1994",3
"TNP_UNP","augmented","rmahal_cal025","ch_pre5","adjusted",36,45112,45112,15.1545048986138,15.2050363571555,6.90848383396107,6.93681472928479,-0.00678400905909635,0.991848408005347,0.00407080006258395,0.0151622628125554,0.333333333333333,"1991_1994",3
"TNP_UNP","augmented","rmahal_cal025","city_travel_time","adjusted",36,45112,45112,115.494497941432,115.398447550914,43.5767285756309,43.5108019202594,0.00214017165154666,1.0030326538608,0.00727070932585695,0.0306570313885441,0.409090909090909,"1990_1993",22
"TNP_UNP","augmented","rmahal_cal025","eastness","adjusted",36,45112,45112,-0.0763988838767535,-0.0769337569850901,0.663219652944442,0.662872215020065,0.000803889835798829,1.00104855496906,0.00336193352743273,0.0130120588756872,0.333333333333333,"1991_1994",3
"TNP_UNP","augmented","rmahal_cal025","elevation","adjusted",36,45112,45112,892.745242530265,886.133182407937,576.335770915918,579.082622789202,0.0115435537105743,0.990535592046887,0.00735836993124988,0.0284624933498847,0.333333333333333,"1991_1994",3
"TNP_UNP","augmented","rmahal_cal025","gpp_pre5","adjusted",36,45112,45112,1326.49708503281,1328.5194903795,378.767386970352,381.70017314245,-0.00542916970909535,0.984692073131238,0.00520047915066736,0.0192410001773364,0.333333333333333,"1991_1994",3
"TNP_UNP","augmented","rmahal_cal025","northness","adjusted",36,45112,45112,0.0131732662305104,0.01329992065141,0.744413461629775,0.744665541110248,-0.000170269234123295,0.999323087210617,0.00324167492676085,0.0122583791452385,0.333333333333333,"1991_1994",3
"TNP_UNP","augmented","rmahal_cal025","pop_density","adjusted",36,45112,45112,2.89121450697203,3.01221101436688,12.4624519859931,12.4723347831945,-0.00528256932620831,0.99841587290268,0.0122740635597217,0.0304575279304841,0.333333333333333,"1991_1994",3
"TNP_UNP","augmented","rmahal_cal025","ppt_normal","adjusted",36,45112,45112,1313.41100652701,1312.85639154753,471.064291365204,471.665163189013,0.00113363682573211,0.997453748403857,0.00722527036799965,0.0318318850860082,0.409090909090909,"1990_1993",22
"TNP_UNP","augmented","rmahal_cal025","slope","adjusted",36,45112,45112,10.8833437914527,10.8912961299753,6.17718570375362,6.18638638750753,-0.00127922131522158,0.997027718175363,0.00382971684363447,0.0146967547437489,0.333333333333333,"1991_1994",3
"TNP_UNP","augmented","rmahal_cal025","tmean_normal","adjusted",36,45112,45112,11.6820812711988,11.684534102895,2.06218980826476,2.07210475999909,-0.00120667436587411,0.990452963026167,0.00726591598611595,0.029726015250931,0.55,"1989_1992",20
"TNP_UNP","augmented","rmahal_nocal","agb_pre5","adjusted",36,60345,60345,11290.3200223714,11475.9996188582,5413.7712829721,5627.92637502683,-0.0342976433213706,0.925343531621817,0.00739404684900437,0.0215759383544619,0.222222222222222,"1991_1994",9
"TNP_UNP","augmented","rmahal_nocal","ch_pre5","adjusted",36,60345,60345,14.6126211778398,14.8528825930222,7.44861306958099,7.67926678876624,-0.0322558593040055,0.940830347749512,0.00753299806162896,0.0215593669732373,0.222222222222222,"1991_1994",9
"TNP_UNP","augmented","rmahal_nocal","city_travel_time","adjusted",36,60345,60345,117.0102742199,117.008995447484,44.8797602045955,45.1044986224172,0.0000284932987780653,0.990059593521831,0.00702126161931538,0.0277902063136963,0.34375,"1990_1993",32
"TNP_UNP","augmented","rmahal_nocal","eastness","adjusted",36,60345,60345,-0.0616233798686024,-0.0632892063814309,0.665356227330722,0.665311130661489,0.00250366111325268,1.0001355702484,0.00357677665931974,0.0133565332670478,0.222222222222222,"1991_1994",9
"TNP_UNP","augmented","rmahal_nocal","elevation","adjusted",36,60345,60345,907.719432755363,898.45772322755,572.792424942031,579.185059832293,0.0161693994622057,0.978047236917039,0.00982195836628614,0.0314524815643384,0.25,"1988_1991",8
"TNP_UNP","augmented","rmahal_nocal","gpp_pre5","adjusted",36,60345,60345,1311.65528627061,1315.688350319,372.507299468471,378.380925537796,-0.0108268054186951,0.969194864856735,0.00737124792566084,0.0213605103985417,0.25,"1988_1991",8
"TNP_UNP","augmented","rmahal_nocal","northness","adjusted",36,60345,60345,0.0105334105167668,0.0106276322123968,0.743847950874995,0.743769349993469,-0.00012666795078109,1.00021136938424,0.0032878217416816,0.0122131079625487,0.222222222222222,"1991_1994",9
"TNP_UNP","augmented","rmahal_nocal","pop_density","adjusted",36,60345,60345,3.96107175362443,4.52003216969197,22.9048593445913,24.6713202681605,-0.024403573392802,0.861926982038655,0.00648303057658283,0.0195210870826083,0.451612903225806,"1989_1992",31
"TNP_UNP","augmented","rmahal_nocal","ppt_normal","adjusted",36,60345,60345,1362.58568281262,1363.38141458454,489.235147356389,494.673621404606,-0.00162648120484583,0.978132739062529,0.00647763428329898,0.0280884911757395,0.375,"1988_1991",8
"TNP_UNP","augmented","rmahal_nocal","slope","adjusted",36,60345,60345,10.9173113617906,10.9735929270818,6.216546291046,6.26847625177274,-0.00905351020585235,0.983500022376133,0.00412290539400376,0.0148479575772641,0.25,"1988_1991",8
"TNP_UNP","augmented","rmahal_nocal","tmean_normal","adjusted",36,60345,60345,11.6512731539955,11.6517117151043,2.03272047998385,2.05889186529061,-0.000215750819235411,0.974738791917534,0.00778685661738324,0.0303256276410639,0.451612903225806,"1989_1992",31
"TNP_UNP","baseline","(before)","city_travel_time","unadjusted",36,60345,261292826,117.0102742199,107.046684786977,44.8797602045955,52.2868850515562,0.222006298329166,0.736742147842391,0.0702459266558204,0.157314733127403,0.659971544681923,"1989_1992",31
"TNP_UNP","baseline","(before)","eastness","unadjusted",36,60345,261292826,-0.0616233798686024,-0.101717975334598,0.665356227330722,0.662503117786239,0.060260344487715,1.00863166681543,0.0238852496524172,0.0460506398442666,0.428316068656737,"1991_1994",9
"TNP_UNP","baseline","(before)","elevation","unadjusted",36,60345,261292826,907.719432755363,825.427276705647,572.792424942031,523.965068978744,0.143668373509033,1.19506041692753,0.0788736481146871,0.176929098443495,0.469107294737338,"1985_1988",14
"TNP_UNP","baseline","(before)","northness","unadjusted",36,60345,261292826,0.0105334105167668,0.077248886236508,0.743847950874995,0.73803531848684,-0.0896896679506385,1.01581366599,0.026898221922823,0.0511527178197379,0.324444901882285,"1991_1994",9
"TNP_UNP","baseline","(before)","pop_density","unadjusted",36,60345,261292826,3.96107175362443,13.4796910034632,22.9048593445913,50.8702304235302,-0.415572045505115,0.202734587943333,0.16121834518689,0.2380320248632,0.660955224001055,"1989_1992",31
"TNP_UNP","baseline","(before)","ppt_normal","unadjusted",36,60345,261292826,1362.58568281262,1396.34222412503,489.235147356389,510.346344022845,-0.0689986021953145,0.91897835778148,0.0590616915062339,0.126507561841797,0.514971794735024,"1989_1992",31
"TNP_UNP","baseline","(before)","slope","unadjusted",36,60345,261292826,10.9173113617906,12.6161472647729,6.216546291046,6.88723834878775,-0.273276482382063,0.814719512666409,0.0563761015943022,0.113514531945462,0.564565861144434,"1990_1993",32
"TNP_UNP","baseline","(before)","tmean_normal","unadjusted",36,60345,261292826,11.6512731539955,12.3387234453732,2.03272047998385,2.14741185218249,-0.338192239487425,0.896034298598911,0.119866700903359,0.21717005607694,0.662057475307575,"1989_1992",31
"TNP_UNP","baseline","elastic_cal025","city_travel_time","adjusted",36,60345,60345,117.0102742199,116.942453774929,44.8797602045955,44.8143492274587,0.00151115880883461,1.00292132833175,0.00486952682100046,0.0223547932720192,0.28125,"1990_1993",32
"TNP_UNP","baseline","elastic_cal025","eastness","adjusted",36,60345,60345,-0.0616233798686024,-0.0622772933946314,0.665356227330722,0.665072559777671,0.000982802142924815,1.0008532243407,0.00233909940763899,0.00961140111028254,0.222222222222222,"1991_1994",9
"TNP_UNP","baseline","elastic_cal025","elevation","adjusted",36,60345,60345,907.719432755363,902.543571004632,572.792424942031,572.715015529207,0.00903619099232235,1.00027034263862,0.00465187816822733,0.0185930897340294,0.222222222222222,"1991_1994",9
"TNP_UNP","baseline","elastic_cal025","northness","adjusted",36,60345,60345,0.0105334105167668,0.0100453039771288,0.743847950874995,0.744076165398384,0.000656191280844127,0.999386676965809,0.00233093856596347,0.00937940177313779,0.222222222222222,"1991_1994",9
"TNP_UNP","baseline","elastic_cal025","pop_density","adjusted",36,60345,60345,3.96107175362443,4.01914854678823,22.9048593445913,22.9163621590468,-0.00253556646168717,0.99899635662325,0.0130330543077896,0.032794763443533,0.25,"1988_1991",8
"TNP_UNP","baseline","elastic_cal025","ppt_normal","adjusted",36,60345,60345,1362.58568281262,1361.70001883548,489.235147356389,489.414770714113,0.0018103032497164,0.999266101449769,0.0048266700677841,0.0228353633275333,0.32258064516129,"1989_1992",31
"TNP_UNP","baseline","elastic_cal025","slope","adjusted",36,60345,60345,10.9173113617906,10.9099413045632,6.216546291046,6.19422580770404,0.00118555495003261,1.00721985256252,0.00273782145451288,0.0110696826580496,0.142857142857143,"1985_1988",14
"TNP_UNP","baseline","elastic_cal025","tmean_normal","adjusted",36,60345,60345,11.6512731539955,11.6596681231126,2.03272047998385,2.03305158126112,-0.00412991810718649,0.999674308001951,0.00457001429301715,0.0203662275250642,0.25,"1988_1991",8
"TNP_UNP","baseline","elastic_nocal","city_travel_time","adjusted",36,60345,60345,117.0102742199,116.940134894485,44.8797602045955,44.8135776977692,0.00156282754397424,1.00295586207271,0.00484382257843697,0.0219570801226282,0.28125,"1990_1993",32
"TNP_UNP","baseline","elastic_nocal","eastness","adjusted",36,60345,60345,-0.0616233798686024,-0.0620351250167753,0.665356227330722,0.665142268531651,0.000618834139156846,1.00064345094774,0.00226768590800403,0.00941254453558704,0.222222222222222,"1991_1994",9
"TNP_UNP","baseline","elastic_nocal","elevation","adjusted",36,60345,60345,907.719432755363,902.577404476352,572.792424942031,572.738549184955,0.00897712339602253,1.0001881427088,0.0047369586688044,0.0188582318336233,0.222222222222222,"1991_1994",9
"TNP_UNP","baseline","elastic_nocal","northness","adjusted",36,60345,60345,0.0105334105167668,0.0101416528248024,0.743847950874995,0.744010503284338,0.00052666367031532,0.999563085060516,0.00227359552516098,0.00939597315436241,0.222222222222222,"1991_1994",9
"TNP_UNP","baseline","elastic_nocal","pop_density","adjusted",36,60345,60345,3.96107175362443,4.01876802482607,22.9048593445913,22.9135282485225,-0.0025189533074023,0.99924348062171,0.0130768020433557,0.0330267627806778,0.25,"1988_1991",8
"TNP_UNP","baseline","elastic_nocal","ppt_normal","adjusted",36,60345,60345,1362.58568281262,1361.78683555174,489.235147356389,489.458762146452,0.00163284928565716,0.999086486025482,0.00480900320585237,0.0226862208965117,0.32258064516129,"1989_1992",31
"TNP_UNP","baseline","elastic_nocal","slope","adjusted",36,60345,60345,10.9173113617906,10.9099417972448,6.216546291046,6.19403502465553,0.00118547569676488,1.00728190046267,0.00270589433025947,0.0107879691772309,0.142857142857143,"1985_1988",14
"TNP_UNP","baseline","elastic_nocal","tmean_normal","adjusted",36,60345,60345,11.6512731539955,11.6601343400418,2.03272047998385,2.03296558341419,-0.0043592742502037,0.999758885583741,0.00467735882003644,0.0207970834369045,0.25,"1988_1991",8
"TNP_UNP","baseline","glm_nocal","city_travel_time","adjusted",36,60345,60345,117.0102742199,116.943620695374,44.8797602045955,44.8141220347829,0.00148515776872665,1.00293149731186,0.00483915899116797,0.0219405087414036,0.28125,"1990_1993",32
"TNP_UNP","baseline","glm_nocal","eastness","adjusted",36,60345,60345,-0.0616233798686024,-0.062265707043015,0.665356227330722,0.665110991705288,0.000965388385992093,1.00073756362284,0.00226339176281487,0.00941254453558704,0.222222222222222,"1991_1994",9
"TNP_UNP","baseline","glm_nocal","elevation","adjusted",36,60345,60345,907.719432755363,902.668081903802,572.792424942031,572.773133738082,0.00881881573778279,1.0000673618495,0.00469717486492741,0.0186428038777032,0.222222222222222,"1991_1994",9
"TNP_UNP","baseline","glm_nocal","northness","adjusted",36,60345,60345,0.0105334105167668,0.0103418662012038,0.743847950874995,0.744016446016147,0.000257504662528989,0.999547117371498,0.00225766188591934,0.00927997348579004,0.222222222222222,"1991_1994",9
"TNP_UNP","baseline","glm_nocal","pop_density","adjusted",36,60345,60345,3.96107175362443,4.0199395128556,22.9048593445913,22.9180965034032,-0.00257009913684848,0.998845162728522,0.0129570219889956,0.0327450492998591,0.25,"1988_1991",8
"TNP_UNP","baseline","glm_nocal","ppt_normal","adjusted",36,60345,60345,1362.58568281262,1361.84372685479,489.235147356389,489.492416179208,0.00151656307164702,0.998949110522345,0.00479180067161696,0.0227027922777364,0.32258064516129,"1989_1992",31
"TNP_UNP","baseline","glm_nocal","slope","adjusted",36,60345,60345,10.9173113617906,10.9152150992075,6.216546291046,6.19330772423991,0.00033720694497369,1.00751849118061,0.00267081712581027,0.0108873974645787,0.142857142857143,"1985_1988",14
"TNP_UNP","baseline","glm_nocal","tmean_normal","adjusted",36,60345,60345,11.6512731539955,11.6599609642162,2.03272047998385,2.03328601559206,-0.00427398174328105,0.999443799883344,0.00467129688107648,0.020863368961803,0.25,"1988_1991",8
"TNP_UNP","baseline","mahal_nocal","city_travel_time","adjusted",36,60345,60345,117.0102742199,116.93836190449,44.8797602045955,44.8127874230421,0.00160233287971817,1.00299123669254,0.00484905101502684,0.021923937360179,0.28125,"1990_1993",32
"TNP_UNP","baseline","mahal_nocal","eastness","adjusted",36,60345,60345,-0.0616233798686024,-0.0620061686085592,0.665356227330722,0.665172626653284,0.00057531398104202,1.00055211537208,0.00226421093214899,0.00934625901068854,0.222222222222222,"1991_1994",9
"TNP_UNP","baseline","mahal_nocal","elevation","adjusted",36,60345,60345,907.719432755363,902.649577039744,572.792424942031,572.868847674743,0.00885112214277667,0.99973321071484,0.00472597478305123,0.0189245173585218,0.222222222222222,"1991_1994",9
"TNP_UNP","baseline","mahal_nocal","northness","adjusted",36,60345,60345,0.0105334105167668,0.0101081124023972,0.743847950874995,0.743986232522354,0.000571754098225748,0.999628302808854,0.00226834612178743,0.00927997348579004,0.222222222222222,"1991_1994",9
"TNP_UNP","baseline","mahal_nocal","pop_density","adjusted",36,60345,60345,3.96107175362443,4.01782985410726,22.9048593445913,22.9117091602132,-0.0024779938452773,0.999402157940817,0.0131039470194403,0.0330433341619024,0.25,"1988_1991",8
"TNP_UNP","baseline","mahal_nocal","ppt_normal","adjusted",36,60345,60345,1362.58568281262,1361.82374721562,489.235147356389,489.484797283922,0.00155740159127872,0.998980208313099,0.00479769363062878,0.0226696495152871,0.32258064516129,"1989_1992",31
"TNP_UNP","baseline","mahal_nocal","slope","adjusted",36,60345,60345,10.9173113617906,10.9066268969426,6.216546291046,6.19486577839683,0.00171871395270343,1.00701175833913,0.00270882864885174,0.0107051122711078,0.142857142857143,"1985_1988",14
"TNP_UNP","baseline","mahal_nocal","tmean_normal","adjusted",36,60345,60345,11.6512731539955,11.6596508485141,2.03272047998385,2.03364606744779,-0.00412141984160094,0.999089933254141,0.00466880262557402,0.0209296544867015,0.25,"1988_1991",8
"TNP_UNP","baseline","mahal_pscal","city_travel_time","adjusted",36,60345,60345,117.0102742199,116.940985405057,44.8797602045955,44.8185580883479,0.00154387667240944,1.00273297072581,0.00485853981179832,0.0219570801226282,0.28125,"1990_1993",32
"TNP_UNP","baseline","mahal_pscal","eastness","adjusted",36,60345,60345,-0.0616233798686024,-0.0623182299672434,0.665356227330722,0.665084847272503,0.00104432794058082,1.00081624299833,0.00226404372434106,0.00946225867926092,0.222222222222222,"1991_1994",9
"TNP_UNP","baseline","mahal_pscal","elevation","adjusted",36,60345,60345,907.719432755363,902.625577757062,572.792424942031,572.795185564441,0.00889302088591168,0.999990360897484,0.00472473951637226,0.0187090894026017,0.222222222222222,"1991_1994",9
"TNP_UNP","baseline","mahal_pscal","northness","adjusted",36,60345,60345,0.0105334105167668,0.010377683976536,0.743847950874995,0.744046057077402,0.000209352650696399,0.99946756030192,0.00225834034935242,0.00929654486701467,0.222222222222222,"1991_1994",9
"TNP_UNP","baseline","mahal_pscal","pop_density","adjusted",36,60345,60345,3.96107175362443,4.01788403865943,22.9048593445913,22.8697721623223,-0.00248035948094228,1.00307078686112,0.0128602094178399,0.0328113348247576,0.25,"1988_1991",8
"TNP_UNP","baseline","mahal_pscal","ppt_normal","adjusted",36,60345,60345,1362.58568281262,1361.81452461462,489.235147356389,489.477956622086,0.00157625265102934,0.999008130851571,0.00478827091530428,0.0226862208965117,0.32258064516129,"1989_1992",31
"TNP_UNP","baseline","mahal_pscal","slope","adjusted",36,60345,60345,10.9173113617906,10.9153311999857,6.216546291046,6.19342494580704,0.000318530854947674,1.00748035338776,0.00268612102850969,0.0109205402270279,0.142857142857143,"1985_1988",14
"TNP_UNP","baseline","mahal_pscal","tmean_normal","adjusted",36,60345,60345,11.6512731539955,11.6600114773475,2.03272047998385,2.03313651476689,-0.00429883175677797,0.999590787717375,0.00466290855594729,0.0207970834369045,0.25,"1988_1991",8
"TNP_UNP","baseline","nn_exact_1to1","city_travel_time","adjusted",36,60345,60345,117.0102742199,119.553300843896,44.8797602045955,44.0874650444233,-0.056663106317923,1.03626492570942,0.0651216404551735,0.176220067942663,0.709677419354839,"1989_1992",31
"TNP_UNP","baseline","nn_exact_1to1","eastness","adjusted",36,60345,60345,-0.0616233798686024,-0.0909689869883401,0.665356227330722,0.665054121081738,0.0441051062788823,1.00090872263329,0.0423708297481123,0.0931477338636176,0.555555555555556,"1991_1994",9
"TNP_UNP","baseline","nn_exact_1to1","elevation","adjusted",36,60345,60345,907.719432755363,1064.58693894876,572.792424942031,728.806120425363,-0.273864491502788,0.617689913321902,0.0844751412002308,0.231883337476179,0.774193548387097,"1989_1992",31
"TNP_UNP","baseline","nn_exact_1to1","northness","adjusted",36,60345,60345,0.0105334105167668,-0.251984393726455,0.743847950874995,0.697098921990423,0.352918636039018,1.13862186589686,0.102103983216886,0.185732040765598,0.53125,"1990_1993",32
"TNP_UNP","baseline","nn_exact_1to1","pop_density","adjusted",36,60345,60345,3.96107175362443,5.00755000854254,22.9048593445913,27.5620635623923,-0.0456880454568355,0.69060830783746,0.10511690571866,0.213389676029497,0.741935483870968,"1989_1992",31
"TNP_UNP","baseline","nn_exact_1to1","ppt_normal","adjusted",36,60345,60345,1362.58568281262,1554.68002577303,489.235147356389,482.639846941262,-0.392642155818945,1.02751684524657,0.14888861900953,0.327367636092468,0.741935483870968,"1989_1992",31
"TNP_UNP","baseline","nn_exact_1to1","slope","adjusted",36,60345,60345,10.9173113617906,11.671472307269,6.216546291046,7.61198938694899,-0.121315101693142,0.66696338966369,0.0466470369622662,0.106106553981274,0.555555555555556,"1991_1994",9
"TNP_UNP","baseline","nn_exact_1to1","tmean_normal","adjusted",36,60345,60345,11.6512731539955,10.468298556145,2.03272047998385,2.87749493835608,0.581966192351186,0.49902946466277,0.129424863392177,0.279062059822686,0.709677419354839,"1989_1992",31
"TNP_UNP","baseline","rmahal_cal025","city_travel_time","adjusted",36,58295,58295,117.148634508166,117.104414816739,44.794658684625,44.8306013473734,0.000985292506586219,0.998397154922639,0.00473871612939509,0.0212025045029591,0.3,"1990_1993",30
"TNP_UNP","baseline","rmahal_cal025","eastness","adjusted",36,58295,58295,-0.0647340027034489,-0.0651672666864686,0.665577329832898,0.665855705816747,0.000651175964427197,0.999164029711721,0.00230491713236048,0.00950338794064672,0.125,"1988_1991",8
"TNP_UNP","baseline","rmahal_cal025","elevation","adjusted",36,58295,58295,895.252130523997,889.402525555996,569.742933652371,571.070586397881,0.0102124342314634,0.995355707398787,0.00559813417634145,0.0219229779569431,0.230769230769231,"1985_1988",13
"TNP_UNP","baseline","rmahal_cal025","northness","adjusted",36,58295,58295,0.0117307279474349,0.0119029504833259,0.743400520469275,0.743110585326339,-0.000231529220035396,1.00078048061707,0.00237405102384802,0.00916030534351146,0.133333333333333,"1990_1993",30
"TNP_UNP","baseline","rmahal_cal025","pop_density","adjusted",36,58295,58295,3.59258336976671,3.66099263322741,18.5767418774398,18.6155589664201,-0.00298667031443082,0.995833956054613,0.00548418869724946,0.0173428252851874,0.233333333333333,"1990_1993",30
"TNP_UNP","baseline","rmahal_cal025","ppt_normal","adjusted",36,58295,58295,1360.63017171521,1360.08032085164,487.50456581268,488.229996382845,0.00112389894007443,0.997030532169411,0.0045965474385662,0.0232953083454842,0.344827586206897,"1989_1992",29
"TNP_UNP","baseline","rmahal_cal025","slope","adjusted",36,58295,58295,10.9018967973538,10.9050366419755,6.18253223523088,6.17965890155984,-0.000505078619967916,1.00093014896732,0.00267953918906011,0.0111844926666095,0.25,"1988_1991",8
"TNP_UNP","baseline","rmahal_cal025","tmean_normal","adjusted",36,58295,58295,11.6874712850373,11.6893812001656,2.01762532844801,2.02287384529749,-0.000939585716366443,0.994817563139898,0.0047775663316816,0.0209966549446779,0.275862068965517,"1989_1992",29
"TNP_UNP","baseline","rmahal_nocal","city_travel_time","adjusted",36,60345,60345,117.0102742199,117.024587455765,44.8797602045955,45.0620560764541,-0.000318924071778129,0.991925484359261,0.00489332402742099,0.0210456541552738,0.28125,"1990_1993",32
"TNP_UNP","baseline","rmahal_nocal","eastness","adjusted",36,60345,60345,-0.0616233798686024,-0.0621169064991419,0.665356227330722,0.665771750208632,0.000741747969383891,0.998752145283216,0.00243351738524664,0.00942911591681168,0.125,"1988_1991",8
"TNP_UNP","baseline","rmahal_nocal","elevation","adjusted",36,60345,60345,907.719432755363,902.079184827007,572.792424942031,574.800086923845,0.00984693177275715,0.993026598825902,0.00593897137075291,0.0222885077471207,0.214285714285714,"1985_1988",14
"TNP_UNP","baseline","rmahal_nocal","northness","adjusted",36,60345,60345,0.0105334105167668,0.0103223869997664,0.743847950874995,0.743449098827042,0.000283691736667589,1.00107326524006,0.00241873829379764,0.00934625901068854,0.125,"1988_1991",8
"TNP_UNP","baseline","rmahal_nocal","pop_density","adjusted",36,60345,60345,3.96107175362443,4.11625766051757,22.9048593445913,22.6022208593176,-0.00677523946156844,1.02695882114127,0.00397285116119843,0.0136879608915403,0.290322580645161,"1989_1992",31
"TNP_UNP","baseline","rmahal_nocal","ppt_normal","adjusted",36,60345,60345,1362.58568281262,1363.42878059617,489.235147356389,493.08099284826,-0.00172329765779141,0.984461589571026,0.00449975434658729,0.0227856491838595,0.25,"1988_1991",8
"TNP_UNP","baseline","rmahal_nocal","slope","adjusted",36,60345,60345,10.9173113617906,10.9220421773372,6.216546291046,6.21188989898326,-0.00076100383155669,1.00149974881687,0.00289437717972937,0.0111193968017234,0.25,"1988_1991",8
"TNP_UNP","baseline","rmahal_nocal","tmean_normal","adjusted",36,60345,60345,11.6512731539955,11.6501268933965,2.03272047998385,2.04497778302548,0.000563904683556231,0.988048213641911,0.00510027057132379,0.0234650758140691,0.258064516129032,"1989_1992",31
"TP_UP","augmented","(before)","agb_pre5","unadjusted",36,28619,392382683,7901.93473741221,8526.48557062597,4340.44826249519,6088.16485937152,-0.143890859985674,0.508272203604311,0.0538540956190961,0.155982784837032,0.25149806539356,"2011_2014",421
"TP_UP","augmented","(before)","ch_pre5","unadjusted",36,28619,392382683,10.6001834482693,11.4484047343652,5.75454342472104,7.87472710799603,-0.147400275485276,0.534011633284871,0.05708772065311,0.152390636390671,0.241396425784671,"2000_2003",1082
"TP_UP","augmented","(before)","city_travel_time","unadjusted",36,28619,392382683,113.891732168546,123.518877315623,48.1185781911011,53.5975061897091,-0.200071272032249,0.806002532575075,0.0778199155665948,0.174992646335783,0.409528744164978,"2011_2014",421
"TP_UP","augmented","(before)","eastness","unadjusted",36,28619,392382683,-0.0691054856381975,-0.109271061616933,0.664618898936056,0.668258776682077,0.0604339961488214,0.989136050243641,0.0348807569750545,0.0701167130124116,0.175138531708345,"2008_2011",686
"TP_UP","augmented","(before)","elevation","unadjusted",36,28619,392382683,1562.82415810779,1711.9375295672,429.033634221391,644.093757081051,-0.34755636753287,0.443694965421894,0.116263760894904,0.250592566638744,0.424833621284279,"2008_2011",686
"TP_UP","augmented","(before)","gpp_pre5","unadjusted",36,28619,392382683,942.436100143262,957.064892153383,274.845248269301,366.971397353533,-0.0532255591182256,0.560934348648709,0.0500272759131293,0.149511737302587,0.285334824053155,"2000_2003",1082
"TP_UP","augmented","(before)","northness","unadjusted",36,28619,392382683,-0.11630003865077,0.0416236683890232,0.734666734812269,0.734566573265072,-0.21495965389007,1.00027272783594,0.0674400485880152,0.122542571401146,0.275565809972073,"2015_2018",624
"TP_UP","augmented","(before)","pop_density","unadjusted",36,28619,392382683,1.81126450571537,0.910970595842764,14.7880509539631,8.32668477871087,0.0608798220046259,3.15411576158677,0.069265987578305,0.157646775182128,0.268441380715425,"2000_2003",1082
"TP_UP","augmented","(before)","ppt_normal","unadjusted",36,28619,392382683,1063.33938892036,1279.06694351869,500.234261462199,565.767957014322,-0.431253057253115,0.781754110050354,0.129287836273021,0.260773693591046,0.445697115794498,"2004_2007",708
"TP_UP","augmented","(before)","slope","unadjusted",36,28619,392382683,6.76959299044629,12.5421403474591,5.32052280191857,8.21919125482535,-1.08495867265735,0.419035140787598,0.147583779161579,0.344850593643338,0.508588337924294,"2000_2003",1082
"TP_UP","augmented","(before)","tmean_normal","unadjusted",36,28619,392382683,9.02773200824553,8.75666500016634,2.25924882432541,2.99957727997433,0.119981033147213,0.567293776387008,0.08214351490063,0.194016208380216,0.411644413048584,"2017_2020",304
"TP_UP","augmented","elastic_cal025","agb_pre5","adjusted",36,28614,28614,7902.10085098204,7918.92674914378,4340.65360963417,4371.14443242877,-0.00387653466742775,0.986097700851981,0.00621642425390114,0.02505766408052,0.0930232558139535,"2020_2023",43
"TP_UP","augmented","elastic_cal025","ch_pre5","adjusted",36,28614,28614,10.6003171561456,10.6238537110451,5.75484959149234,5.78841289662316,-0.00409008207296719,0.988436899835628,0.00609102436220931,0.0245683930942895,0.0930232558139534,"2020_2023",43
"TP_UP","augmented","elastic_cal025","city_travel_time","adjusted",36,28614,28614,113.901005616434,114.201358521319,48.1171464070713,47.9503494343568,-0.0062419322468666,1.00696917037086,0.0111965757446394,0.0428461592227581,0.116279069767442,"2020_2023",43
"TP_UP","augmented","elastic_cal025","eastness","adjusted",36,28614,28614,-0.0690009129968146,-0.0686987627638683,0.664618269774414,0.664873021248181,-0.000454621789163697,0.999233830639585,0.00467086264510985,0.0174390158663591,0.0930232558139535,"2020_2023",43
"TP_UP","augmented","elastic_cal025","elevation","adjusted",36,28614,28614,1562.85981381417,1563.57731828465,429.055316797465,431.8622703543,-0.00167237347668836,0.987042945674068,0.0113273495162478,0.0452925141539107,0.0956521739130435,"1988_1991",345
"TP_UP","augmented","elastic_cal025","gpp_pre5","adjusted",36,28614,28614,942.44306982596,938.144238834137,274.858013350047,275.868535570019,0.015640914365056,0.992687303627787,0.00838514284730814,0.0294261550290068,0.0697674418604651,"2020_2023",43
"TP_UP","augmented","elastic_cal025","northness","adjusted",36,28614,28614,-0.116296437678635,-0.11720886567908,0.734677674186656,0.734330401319854,0.00124196177288228,1.00094604548782,0.004746318383235,0.0181030264905291,0.0930232558139535,"2020_2023",43
"TP_UP","augmented","elastic_cal025","pop_density","adjusted",36,28614,28614,1.76475338877472,1.68555948597292,14.2624561369224,13.7193013491382,0.00535526304638375,1.08074852707059,0.0153535037302067,0.0395610540294961,0.209302325581395,"2020_2023",43
"TP_UP","augmented","elastic_cal025","ppt_normal","adjusted",36,28614,28614,1063.38768332315,1064.37294575926,500.253898892878,499.907742261503,-0.0019696020685056,1.00138536153225,0.0112768208419903,0.0469001188229538,0.110144927536232,"1988_1991",345
"TP_UP","augmented","elastic_cal025","slope","adjusted",36,28614,28614,6.7704179387756,6.77444110495954,5.32062134548861,5.32117966782252,-0.000756159936480923,0.999790161927277,0.00607204707242498,0.0251974557908716,0.0930232558139535,"2020_2023",43
"TP_UP","augmented","elastic_cal025","tmean_normal","adjusted",36,28614,28614,9.02769483413104,9.01289215150049,2.25940362090324,2.26912841774431,0.00655203732814709,0.991446973208838,0.0122944941880519,0.0508142867127979,0.13953488372093,"2020_2023",43
"TP_UP","augmented","elastic_nocal","agb_pre5","adjusted",36,28619,28619,7901.93473741221,7920.64342744331,4340.44826249519,4367.57278271784,-0.00431031287545927,0.987617702530144,0.00552977155481935,0.0238652643348824,0.0930232558139535,"2020_2023",43
"TP_UP","augmented","elastic_nocal","ch_pre5","adjusted",36,28619,28619,10.6001834482693,10.6231664305397,5.75454342472104,5.78634930351902,-0.00399388458371472,0.989036795636521,0.00546200266830476,0.0228868933226178,0.0930232558139534,"2020_2023",43
"TP_UP","augmented","elastic_nocal","city_travel_time","adjusted",36,28619,28619,113.891732168546,114.162794209396,48.1185781911011,47.9341722323516,-0.00563320968824253,1.0077089333625,0.0107308213929881,0.0408819315839128,0.116279069767442,"2020_2023",43
"TP_UP","augmented","elastic_nocal","eastness","adjusted",36,28619,28619,-0.0691054856381975,-0.0685813289091958,0.664618898936056,0.665329328954526,-0.000788657574800825,0.997865566138165,0.0043667780106791,0.016876899961564,0.0930232558139535,"2020_2023",43
"TP_UP","augmented","elastic_nocal","elevation","adjusted",36,28619,28619,1562.82415810779,1563.97408480034,429.033634221391,430.980585099182,-0.00268027166364157,0.990985425893871,0.0107037878967891,0.0437821027988399,0.0986842105263158,"2017_2020",304
"TP_UP","augmented","elastic_nocal","gpp_pre5","adjusted",36,28619,28619,942.436100143262,939.242513714665,274.845248269301,275.733343788416,0.0116195802863857,0.993568675474191,0.00721554214586829,0.0262063663999441,0.0697674418604651,"2020_2023",43
"TP_UP","augmented","elastic_nocal","northness","adjusted",36,28619,28619,-0.11630003865077,-0.115937481487182,0.734666734812269,0.734129927469612,-0.000493498815732844,1.00146296611416,0.00443069002643365,0.0169118417834306,0.0930232558139535,"2020_2023",43
"TP_UP","augmented","elastic_nocal","pop_density","adjusted",36,28619,28619,1.81126450571537,1.75967268040399,14.7880509539631,14.8317830290409,0.00348875084837022,0.994111617982692,0.0142207648364126,0.0383661204095182,0.209302325581395,"2020_2023",43
"TP_UP","augmented","elastic_nocal","ppt_normal","adjusted",36,28619,28619,1063.33938892036,1064.93614995839,500.234261462199,499.630482370812,-0.00319202653844888,1.00241836289622,0.010973830219761,0.0456340193577693,0.110144927536232,"1988_1991",345
"TP_UP","augmented","elastic_nocal","slope","adjusted",36,28619,28619,6.76959299044629,6.79977998752129,5.32052280191857,5.3132435149783,-0.00567369001108636,1.00274193092392,0.00749166241044927,0.0294210140116706,0.0930232558139535,"2020_2023",43
"TP_UP","augmented","elastic_nocal","tmean_normal","adjusted",36,28619,28619,9.02773200824553,9.01292980632391,2.25924882432541,2.26652664035284,0.00655182455435985,0.993588311413545,0.0116172235651077,0.0495824452286942,0.13953488372093,"2020_2023",43
"TP_UP","augmented","glm_cal025","agb_pre5","adjusted",36,28618,28618,7902.01172339087,8073.32038402404,4340.50455884562,5565.23017762373,-0.0394679651208857,0.608294893284025,0.0531851273651658,0.125620239010413,0.232558139534884,"2020_2023",43
"TP_UP","augmented","glm_cal025","ch_pre5","adjusted",36,28618,28618,10.6002664444097,10.8789162463709,5.75462683876366,7.21731383295791,-0.0484225735032606,0.635745292678831,0.0513674861710152,0.119120833042141,0.209302325581395,"2020_2023",43
"TP_UP","augmented","glm_cal025","city_travel_time","adjusted",36,28618,28618,113.890938644098,114.183475444332,48.1192316597537,48.0878512928784,-0.00607949800744125,1.0013055524366,0.0390183801791189,0.104619470263471,0.209302325581395,"2020_2023",43
"TP_UP","augmented","glm_cal025","eastness","adjusted",36,28618,28618,-0.069128009881265,-0.0560418912506963,0.664619587605305,0.683785356440543,-0.0196896577143945,0.944727769603348,0.0225124204012079,0.0562932420155147,0.186046511627907,"2020_2023",43
"TP_UP","augmented","glm_cal025","elevation","adjusted",36,28618,28618,1562.7954278949,1538.71637203395,429.013598632486,519.488972438699,0.056123935142394,0.682007971787038,0.0569107573036698,0.142672443916416,0.228985507246377,"1988_1991",345
"TP_UP","augmented","glm_cal025","gpp_pre5","adjusted",36,28618,28618,942.440413376197,922.44488608568,274.849081746545,349.645619474548,0.0727519482924613,0.617920206991138,0.0627612899907229,0.135509120134181,0.27906976744186,"2020_2023",43
"TP_UP","augmented","glm_cal025","northness","adjusted",36,28618,28618,-0.116275525880708,-0.135939769282573,0.734667867012836,0.714225196339341,0.0267662090442819,1.05806355618833,0.021773946935306,0.0558389824585925,0.116279069767442,"2020_2023",43
"TP_UP","augmented","glm_cal025","pop_density","adjusted",36,28618,28618,1.7881394579367,1.21784194703634,14.2614528497514,9.4976057828106,0.0385647515467561,2.25475449892978,0.0452487393613347,0.0986791529806415,0.202558635394456,"2009_2012",469
"TP_UP","augmented","glm_cal025","ppt_normal","adjusted",36,28618,28618,1063.35685749975,1057.12233706672,500.234272281867,508.546915393436,0.01246320157042,0.967575442268173,0.040172116617614,0.117618282200014,0.206857142857143,"1998_2001",875
"TP_UP","augmented","glm_cal025","slope","adjusted",36,28618,28618,6.76974027649321,6.54508546895243,5.32055741702491,5.72725447581793,0.0422241978663766,0.863020889382256,0.0325225709647008,0.0814871759032777,0.186046511627907,"2020_2023",43
"TP_UP","augmented","glm_cal025","tmean_normal","adjusted",36,28618,28618,9.02784311545621,9.00499021239697,2.25921010629449,2.55296819130561,0.0101152661066724,0.783109399562878,0.0468429538154729,0.130791809350758,0.24537037037037,"2014_2017",648
"TP_UP","augmented","glm_nocal","agb_pre5","adjusted",36,28619,28619,7901.93473741221,7920.85733254132,4340.44826249519,4367.92421878237,-0.00435959467426805,0.987458784701755,0.0055258830824615,0.023900206156749,0.0930232558139535,"2020_2023",43
"TP_UP","augmented","glm_nocal","ch_pre5","adjusted",36,28619,28619,10.6001834482693,10.6233961729535,5.75454342472104,5.78680059215537,-0.00403380824000611,0.988882539876176,0.00545699148949905,0.0227820678570181,0.0930232558139535,"2020_2023",43
"TP_UP","augmented","glm_nocal","city_travel_time","adjusted",36,28619,28619,113.891732168546,114.158553131238,48.1185781911011,47.9304987216742,-0.00554507162769576,1.0078634058376,0.0107120896475253,0.0407421642964464,0.116279069767442,"2020_2023",43
"TP_UP","augmented","glm_nocal","eastness","adjusted",36,28619,28619,-0.0691054856381975,-0.0686602850653625,0.664618898936056,0.665353616117256,-0.000669858430971064,0.997792718015083,0.00437606146305622,0.016876899961564,0.0930232558139535,"2020_2023",43
"TP_UP","augmented","glm_nocal","elevation","adjusted",36,28619,28619,1562.82415810779,1563.96532692402,429.033634221391,430.975357950579,-0.00265985863391802,0.99100946466733,0.0106587251357624,0.043607393689507,0.0956521739130435,"1988_1991",345
"TP_UP","augmented","glm_nocal","gpp_pre5","adjusted",36,28619,28619,942.436100143262,939.103349173626,274.845248269301,275.775875622305,0.0121259180961717,0.99326223069107,0.00737826598641709,0.0268003773716762,0.0930232558139534,"2020_2023",43
"TP_UP","augmented","glm_nocal","northness","adjusted",36,28619,28619,-0.11630003865077,-0.115892384284309,0.734666734812269,0.734107656061544,-0.000554883387452519,1.00152373193926,0.00443969536058999,0.0169118417834306,0.0930232558139535,"2020_2023",43
"TP_UP","augmented","glm_nocal","pop_density","adjusted",36,28619,28619,1.81126450571537,1.7600690636254,14.7880509539631,14.8319268189067,0.00346194655734927,0.994092343011204,0.0142468973351004,0.0384360040532513,0.209302325581395,"2020_2023",43
"TP_UP","augmented","glm_nocal","ppt_normal","adjusted",36,28619,28619,1063.33938892036,1064.93051926529,500.234261462199,499.636663093891,-0.00318077042599086,1.00239356234635,0.0109822001652493,0.0457388448233691,0.110144927536232,"1988_1991",345
"TP_UP","augmented","glm_nocal","slope","adjusted",36,28619,28619,6.76959299044629,6.79873642043457,5.32052280191857,5.31436813884072,-0.00547755005913401,1.00231757636229,0.0074794035171243,0.0292463049023376,0.0930232558139535,"2020_2023",43
"TP_UP","augmented","glm_nocal","tmean_normal","adjusted",36,28619,28619,9.02773200824553,9.01299229798366,2.25924882432541,2.26656349788197,0.00652416418376161,0.993555997373004,0.0116073958715188,0.0495475034068276,0.13953488372093,"2020_2023",43
"TP_UP","augmented","mahal_nocal","agb_pre5","adjusted",36,28619,28619,7901.93473741221,7919.6186536916,4340.44826249519,4366.86398949429,-0.00407421427694405,0.987938332413355,0.00548196412177688,0.0235857297599497,0.0930232558139535,"2020_2023",43
"TP_UP","augmented","mahal_nocal","ch_pre5","adjusted",36,28619,28619,10.6001834482693,10.6219111454991,5.75454342472104,5.7857270473472,-0.00377574650604561,0.989249549311295,0.00541449027467316,0.0226073587476851,0.0930232558139534,"2020_2023",43
"TP_UP","augmented","mahal_nocal","city_travel_time","adjusted",36,28619,28619,113.891732168546,114.152506834873,48.1185781911011,47.9254915622073,-0.00541941753331166,1.00807401594321,0.0107888253202192,0.041126524336979,0.116279069767442,"2020_2023",43
"TP_UP","augmented","mahal_nocal","eastness","adjusted",36,28619,28619,-0.0691054856381975,-0.0687188509690648,0.664618898936056,0.665316159009059,-0.000581738902928707,0.997905072063232,0.00438137591461899,0.0167371326740976,0.0930232558139535,"2020_2023",43
"TP_UP","augmented","mahal_nocal","elevation","adjusted",36,28619,28619,1562.82415810779,1563.83743342382,429.033634221391,430.946852651091,-0.00236176195805963,0.991140571116712,0.010632879514922,0.0436423355113736,0.0986842105263158,"2017_2020",304
"TP_UP","augmented","mahal_nocal","gpp_pre5","adjusted",36,28619,28619,942.436100143262,939.160470316923,274.845248269301,275.70767000497,0.0119180878947916,0.9937537254925,0.00721511251295893,0.0262413082218107,0.0697674418604651,"2020_2023",43
"TP_UP","augmented","mahal_nocal","northness","adjusted",36,28619,28619,-0.11630003865077,-0.116070331457554,0.734666734812269,0.734108009194566,-0.000312668564303908,1.0015227683998,0.00447214422509776,0.017051609070897,0.0930232558139535,"2020_2023",43
"TP_UP","augmented","mahal_nocal","pop_density","adjusted",36,28619,28619,1.81126450571537,1.75857498250471,14.7880509539631,14.8290806545081,0.00356297955522962,0.994473974458491,0.0142169444702276,0.0381914113001852,0.209302325581395,"2020_2023",43
"TP_UP","augmented","mahal_nocal","ppt_normal","adjusted",36,28619,28619,1063.33938892036,1064.87898377077,500.234261462199,499.597869233332,-0.00307774770545975,1.00254924045572,0.0109861158352287,0.0458436702889689,0.110144927536232,"1988_1991",345
"TP_UP","augmented","mahal_nocal","slope","adjusted",36,28619,28619,6.76959299044629,6.78931888306529,5.32052280191857,5.31300854142813,-0.00370751021156894,1.00283062757848,0.00737331012850515,0.0292463049023376,0.0930232558139535,"2020_2023",43
"TP_UP","augmented","mahal_nocal","tmean_normal","adjusted",36,28619,28619,9.02773200824553,9.01332061345474,2.25924882432541,2.26650912012847,0.0063788435499548,0.993603672443665,0.0115754921757458,0.0492679688318949,0.13953488372093,"2020_2023",43
"TP_UP","augmented","mahal_pscal","agb_pre5","adjusted",36,28618,28618,7902.01172339087,7918.63695925641,4340.50455884562,4368.16024596853,-0.00383030389031358,0.987377688200075,0.00554760419862036,0.0232720665315536,0.0930232558139535,"2020_2023",43
"TP_UP","augmented","mahal_pscal","ch_pre5","adjusted",36,28618,28618,10.6002664444097,10.6214725025874,5.75462683876366,5.78639601228899,-0.00368509829757928,0.989049500942448,0.00547461130493484,0.0229226361031519,0.0930232558139535,"2020_2023",43
"TP_UP","augmented","mahal_pscal","city_travel_time","adjusted",36,28618,28618,113.890938644098,114.169357902258,48.1192316597537,47.9306609027811,-0.0057861073337216,1.00788395965286,0.0107973914807939,0.0411629044657209,0.116279069767442,"2020_2023",43
"TP_UP","augmented","mahal_pscal","eastness","adjusted",36,28618,28618,-0.069128009881265,-0.0689161246988165,0.664619587605305,0.665368293676281,-0.000318807037819251,0.997750764991027,0.00440962934248859,0.0170172618631631,0.0930232558139535,"2020_2023",43
"TP_UP","augmented","mahal_pscal","elevation","adjusted",36,28618,28618,1562.7954278949,1563.82224379353,429.013598632486,431.214500522453,-0.00239332261325738,0.98981812889471,0.0107112525397491,0.0436788035502132,0.0930232558139535,"2020_2023",43
"TP_UP","augmented","mahal_pscal","gpp_pre5","adjusted",36,28618,28618,942.440413376197,939.016510587742,274.849081746545,275.913671370454,0.0124575658848587,0.992298056098449,0.00745162011388593,0.0267314277727305,0.116279069767442,"2020_2023",43
"TP_UP","augmented","mahal_pscal","northness","adjusted",36,28618,28618,-0.116275525880708,-0.11602987534742,0.734667867012836,0.734048651854029,-0.00033437002336925,1.00168783453322,0.00464804640145786,0.0174365783772451,0.0930232558139535,"2020_2023",43
"TP_UP","augmented","mahal_pscal","pop_density","adjusted",36,28618,28618,1.7881394579367,1.72309747712047,14.2614528497514,14.1656474896155,0.00439827946351452,1.01357217684089,0.014449613420926,0.0386819484240688,0.232558139534884,"2020_2023",43
"TP_UP","augmented","mahal_pscal","ppt_normal","adjusted",36,28618,28618,1063.35685749975,1064.70933854334,500.234272281867,499.631013534146,-0.00270369534393474,1.00241627489587,0.0110139787638794,0.0456006709064225,0.110144927536232,"1988_1991",345
"TP_UP","augmented","mahal_pscal","slope","adjusted",36,28618,28618,6.76974027649321,6.78658265901435,5.32055741702491,5.31536550031606,-0.00316555029424362,1.00195450430494,0.00716040429059999,0.0290376686001817,0.0697674418604651,"2020_2023",43
"TP_UP","augmented","mahal_pscal","tmean_normal","adjusted",36,28618,28618,9.02784311545621,9.01293600725256,2.25921010629449,2.26775863336314,0.00659825869693532,0.992475023832581,0.0116863281854279,0.0495492347473618,0.13953488372093,"2020_2023",43
"TP_UP","augmented","nn_exact_1to1","agb_pre5","adjusted",36,28619,28619,7901.93473741221,8013.45565882805,4340.44826249519,5431.79169682996,-0.0256934110652733,0.638532422216917,0.0608045544228973,0.133547643174115,0.333785617367707,"1992_1995",737
"TP_UP","augmented","nn_exact_1to1","ch_pre5","adjusted",36,28619,28619,10.6001834482693,10.4348046789921,5.75454342472104,7.27305589377677,0.0287388168046112,0.626019545664787,0.0668715486089355,0.141095076697299,0.344640434192673,"1992_1995",737
"TP_UP","augmented","nn_exact_1to1","city_travel_time","adjusted",36,28619,28619,113.891732168546,130.945760045304,48.1185781911011,67.6677618431386,-0.35441670385665,0.505663898203135,0.117751450913705,0.301478039064957,0.463768115942029,"1988_1991",345
"TP_UP","augmented","nn_exact_1to1","eastness","adjusted",36,28619,28619,-0.0691054856381975,0.0530692015847783,0.664618898936056,0.616081568589039,-0.183826682356697,1.16377477873838,0.0682304433890297,0.151717390544743,0.341346153846154,"2015_2018",624
"TP_UP","augmented","nn_exact_1to1","elevation","adjusted",36,28619,28619,1562.82415810779,1873.14014747999,429.033634221391,572.919548942313,-0.723290587544158,0.560783720569949,0.233502673100519,0.482895978196303,0.821626617375231,"2000_2003",1082
"TP_UP","augmented","nn_exact_1to1","gpp_pre5","adjusted",36,28619,28619,942.436100143262,868.692293581187,274.845248269301,330.131956644172,0.268310283792204,0.693108674315077,0.104112585064262,0.203920472413432,0.441860465116279,"2020_2023",43
"TP_UP","augmented","nn_exact_1to1","northness","adjusted",36,28619,28619,-0.11630003865077,-0.448433627303254,0.734666734812269,0.64541634657913,0.452087419933823,1.29568917424388,0.137116146081278,0.245780775009609,0.472463768115942,"1988_1991",345
"TP_UP","augmented","nn_exact_1to1","pop_density","adjusted",36,28619,28619,1.81126450571537,4.25185117011504,14.7880509539631,19.3291106216032,-0.165037750545863,0.585326428228429,0.070861467417934,0.148712393864216,0.372291021671827,"1996_1999",1292
"TP_UP","augmented","nn_exact_1to1","ppt_normal","adjusted",36,28619,28619,1063.33938892036,1284.20635037819,500.234261462199,612.147405240405,-0.441527057367538,0.667782204186767,0.128961441405404,0.307418148782278,0.5,"1991_1994",588
"TP_UP","augmented","nn_exact_1to1","slope","adjusted",36,28619,28619,6.76959299044629,9.78065799907927,5.32052280191857,6.34464627363842,-0.565934048350886,0.703224169527908,0.158749489540748,0.257066983472518,0.427911275415896,"2000_2003",1082
"TP_UP","augmented","nn_exact_1to1","tmean_normal","adjusted",36,28619,28619,9.02773200824553,7.66857288394769,2.25924882432541,3.0855577598247,0.60159780085475,0.536118469098188,0.173281457232535,0.378419930815193,0.580310880829016,"2016_2019",386
"TP_UP","augmented","rmahal_cal025","agb_pre5","adjusted",36,25697,25697,7719.30280772075,7748.68169436121,4228.19820946013,4265.07879990518,-0.00676862961236495,0.982780559529209,0.00583402381155956,0.0239327547962797,0.0909090909090909,"2020_2023",33
"TP_UP","augmented","rmahal_cal025","ch_pre5","adjusted",36,25697,25697,10.5492187848549,10.5872008441283,5.493005460266,5.53680492606291,-0.00660036017978362,0.98424137159023,0.00567243931569535,0.0228820484881504,0.0606060606060607,"2020_2023",33
"TP_UP","augmented","rmahal_cal025","city_travel_time","adjusted",36,25697,25697,116.735636274921,116.903274273174,47.3630543112937,47.210900298152,-0.00348385186250915,1.00645610219441,0.0114373389396923,0.045647351830953,0.0909090909090909,"2020_2023",33
"TP_UP","augmented","rmahal_cal025","eastness","adjusted",36,25697,25697,-0.0744210006974191,-0.0738354067575825,0.665656379659246,0.665977690278099,-0.000881097333786435,0.999035303695446,0.00439486793180382,0.0178230921897498,0.0606060606060607,"2020_2023",33
"TP_UP","augmented","rmahal_cal025","elevation","adjusted",36,25697,25697,1584.12675894092,1584.79086614541,414.712264437558,416.335930315286,-0.00154791408299422,0.992215421742125,0.0109643532919512,0.0463478227030393,0.121212121212121,"2020_2023",33
"TP_UP","augmented","rmahal_cal025","gpp_pre5","adjusted",36,25697,25697,922.612590963926,920.228285402966,265.192272564629,266.307945545617,0.00867508380069904,0.991638732570805,0.00647945651510462,0.0236603494571351,0.151515151515152,"2020_2023",33
"TP_UP","augmented","rmahal_cal025","northness","adjusted",36,25697,25697,-0.123131438729453,-0.12354239396452,0.732204280906829,0.731902101647243,0.000559376402379402,1.00082590728744,0.00445700375586061,0.016538895590925,0.0909090909090909,"2020_2023",33
"TP_UP","augmented","rmahal_cal025","pop_density","adjusted",36,25697,25697,0.460046871257521,0.451034955105317,3.95241622251991,3.93448076551554,0.000609405267824634,1.00913784448534,0.0074039829114596,0.0225318130521073,0.0606060606060607,"2020_2023",33
"TP_UP","augmented","rmahal_cal025","ppt_normal","adjusted",36,25697,25697,1043.55225951711,1045.35221377958,496.215152208366,495.910784679739,-0.00359822267512554,1.00122788590819,0.0115862511568064,0.0484881503677472,0.12012987012987,"1988_1991",308
"TP_UP","augmented","rmahal_cal025","slope","adjusted",36,25697,25697,6.54954617823736,6.5714987380955,5.22021295423559,5.22605660060751,-0.00412601555813609,0.997764900111759,0.0070884300794556,0.0300035023543604,0.121212121212121,"2020_2023",33
"TP_UP","augmented","rmahal_cal025","tmean_normal","adjusted",36,25697,25697,8.8419330018399,8.82985420622668,2.15730948327724,2.15834678855744,0.00534637685020322,0.99903902744422,0.0122517001508079,0.0537805969568432,0.151515151515152,"2020_2023",33
"TP_UP","augmented","rmahal_nocal","agb_pre5","adjusted",36,28619,28619,7901.93473741221,8009.55445682938,4340.44826249519,4595.44921552364,-0.0247946094294195,0.892099355472854,0.00670894702811585,0.0235857297599497,0.0930232558139535,"2020_2023",43
"TP_UP","augmented","rmahal_nocal","ch_pre5","adjusted",36,28619,28619,10.6001834482693,10.7325972287378,5.75454342472104,6.05245402883015,-0.0230103017208246,0.903979838336737,0.00671318055829559,0.023306195185017,0.0930232558139535,"2020_2023",43
"TP_UP","augmented","rmahal_nocal","city_travel_time","adjusted",36,28619,28619,113.891732168546,114.24112977688,48.1185781911011,48.1000050154181,-0.0072611789763701,1.00077242243817,0.0115470306991673,0.0443062301268388,0.0930232558139535,"2020_2023",43
"TP_UP","augmented","rmahal_nocal","eastness","adjusted",36,28619,28619,-0.0691054856381975,-0.0689969248723995,0.664618898936056,0.665556988882138,-0.000163342881118472,0.997183024589171,0.00458572278492872,0.0174709109332961,0.0697674418604651,"2020_2023",43
"TP_UP","augmented","rmahal_nocal","elevation","adjusted",36,28619,28619,1562.82415810779,1563.08313476665,429.033634221391,432.83462300923,-0.000603627870173946,0.982513878655633,0.0103494427217868,0.0431880918271079,0.0985507246376812,"1988_1991",345
"TP_UP","augmented","rmahal_nocal","gpp_pre5","adjusted",36,28619,28619,942.436100143262,941.634779342395,274.845248269301,278.738646809272,0.00291553449045678,0.972259266889553,0.00663094878220546,0.0237254970474161,0.116279069767442,"2020_2023",43
"TP_UP","augmented","rmahal_nocal","northness","adjusted",36,28619,28619,-0.11630003865077,-0.115943004716708,0.734666734812269,0.733883710941336,-0.00048598080890826,1.00213505651224,0.00462594729195379,0.0180649219050281,0.0930232558139534,"2020_2023",43
"TP_UP","augmented","rmahal_nocal","pop_density","adjusted",36,28619,28619,1.81126450571537,1.46579021764869,14.7880509539631,12.8559362580903,0.0233617188054181,1.32316637467551,0.0070849483448588,0.0220482895978196,0.0751295336787564,"2016_2019",386
"TP_UP","augmented","rmahal_nocal","ppt_normal","adjusted",36,28619,28619,1063.33938892036,1065.67305231962,500.234261462199,501.057451151683,-0.00466514107298651,0.996716889544505,0.0112417769352195,0.0460533212201684,0.115942028985507,"1988_1991",345
"TP_UP","augmented","rmahal_nocal","slope","adjusted",36,28619,28619,6.76959299044629,6.79820034922996,5.32052280191857,5.35456376822424,-0.00537679469644415,0.98732566752714,0.00698758382433973,0.0295258394772703,0.0930232558139534,"2020_2023",43
"TP_UP","augmented","rmahal_nocal","tmean_normal","adjusted",36,28619,28619,9.02773200824553,9.01499401976125,2.25924882432541,2.26844230726892,0.00563815209158473,0.991910877907771,0.0114177513624647,0.0482197141758971,0.13953488372093,"2020_2023",43
"TP_UP","baseline","(before)","city_travel_time","unadjusted",36,28619,393607573,113.891732168546,123.478285406906,48.1185781911011,53.5896114880522,-0.199227691231589,0.806240027046674,0.0777470870147331,0.174867936758825,0.409149921957379,"2011_2014",421
"TP_UP","baseline","(before)","eastness","unadjusted",36,28619,393607573,-0.0691054856381975,-0.108892664633513,0.664618898936056,0.668247475745697,0.059864651846356,0.989169505687917,0.034794469000565,0.0700051816963038,0.174833809138061,"2008_2011",686
"TP_UP","baseline","(before)","elevation","unadjusted",36,28619,393607573,1562.82415810779,1711.32996050227,429.033634221391,645.129335079259,-0.34614023365322,0.442271647851105,0.116332824173129,0.25059280398369,0.42460903418343,"2008_2011",686
"TP_UP","baseline","(before)","northness","unadjusted",36,28619,393607573,-0.11630003865077,0.0420985744436326,0.734666734812269,0.734598589033116,-0.215606077679396,1.00018554062307,0.0675992540440566,0.122749727596654,0.275803444539959,"2015_2018",624
"TP_UP","baseline","(before)","pop_density","unadjusted",36,28619,393607573,1.81126450571537,0.916136431906301,14.7880509539631,8.36081680484168,0.0605304969935329,3.12841573321718,0.0693442970627744,0.157877347985335,0.26886053183761,"2000_2003",1082
"TP_UP","baseline","(before)","ppt_normal","unadjusted",36,28619,393607573,1063.33938892036,1279.21202586019,500.234261462199,565.447617058215,-0.431543086050985,0.782640126743278,0.129415817770777,0.260975545248444,0.445961393250641,"2004_2007",708
"TP_UP","baseline","(before)","slope","unadjusted",36,28619,393607573,6.76959299044629,12.5307489824548,5.32052280191857,8.21880395540743,-1.08281764903462,0.419074634585208,0.147362386219613,0.344198893394228,0.507983203294254,"2000_2003",1082
"TP_UP","baseline","(before)","tmean_normal","unadjusted",36,28619,393607573,9.02773200824553,8.75862600717238,2.25924882432541,3.00373153067309,0.1191130424306,0.565725692912841,0.0822442033113936,0.194107420993873,0.411624732388064,"2017_2020",304
"TP_UP","baseline","elastic_cal025","city_travel_time","adjusted",36,28615,28615,113.899873866048,114.007703367697,48.1166864674503,48.0829324630108,-0.00224091204898504,1.00140448389024,0.00627688284208564,0.0294251266818103,0.0697674418604651,"2020_2023",43
"TP_UP","baseline","elastic_cal025","eastness","adjusted",36,28615,28615,-0.0690014038079647,-0.0695657560463635,0.664606661343307,0.664530301393464,0.000849136609419703,1.00022982951078,0.00300027208921788,0.0126157609645291,0.0465116279069768,"2020_2023",43
"TP_UP","baseline","elastic_cal025","elevation","adjusted",36,28615,28615,1562.84463654071,1561.77621192092,429.055500857972,429.696108222775,0.00249030503570725,0.997020546234447,0.00691280815127224,0.0314520356456404,0.0697674418604651,"2020_2023",43
"TP_UP","baseline","elastic_cal025","northness","adjusted",36,28615,28615,-0.116327199493105,-0.116719836693172,0.734683264969193,0.734636837562757,0.000534442600245495,1.00012639952454,0.00298022990383755,0.0117420933077058,0.0465116279069768,"2020_2023",43
"TP_UP","baseline","elastic_cal025","pop_density","adjusted",36,28615,28615,1.76956971695876,1.72946953336998,14.2854586443228,13.6994411252536,0.00271166117249742,1.08738334286797,0.00909421288557758,0.0267342302987943,0.162790697674419,"2020_2023",43
"TP_UP","baseline","elastic_cal025","ppt_normal","adjusted",36,28615,28615,1063.3883238013,1063.24372986896,500.245169130458,499.961668396628,0.000289052437003852,1.00113441141825,0.00675984979042138,0.0333741044906518,0.0782608695652174,"1988_1991",345
"TP_UP","baseline","elastic_cal025","slope","adjusted",36,28615,28615,6.7702464764901,6.77900400679053,5.32060742981417,5.3170328509394,-0.00164599055891115,1.0013450285333,0.00434845590241806,0.0189061680936572,0.0930232558139534,"2020_2023",43
"TP_UP","baseline","elastic_cal025","tmean_normal","adjusted",36,28615,28615,9.02774607858186,9.0253822563704,2.25938076895439,2.26341558734996,0.00104628679498085,0.996437930235588,0.00734585687608105,0.0362746811113053,0.0840579710144928,"1988_1991",345
"TP_UP","baseline","elastic_nocal","city_travel_time","adjusted",36,28619,28619,113.891732168546,113.9897320663,48.1185781911011,48.0898785634859,-0.00203663328049875,1.00119393902911,0.00615686672252473,0.0287920612180719,0.0697674418604651,"2020_2023",43
"TP_UP","baseline","elastic_nocal","eastness","adjusted",36,28619,28619,-0.0691054856381975,-0.0695469983442297,0.664618898936056,0.664705226473642,0.000664309586650269,0.999740270037537,0.00295567632269929,0.0120898703658409,0.0465116279069768,"2020_2023",43
"TP_UP","baseline","elastic_nocal","elevation","adjusted",36,28619,28619,1562.82415810779,1562.11229867101,429.033634221391,429.462754293012,0.00165921592154664,0.998002594271549,0.00683224950439949,0.0314476396799329,0.0697674418604651,"2020_2023",43
"TP_UP","baseline","elastic_nocal","northness","adjusted",36,28619,28619,-0.11630003865077,-0.116457874401407,0.734666734812269,0.734521950785116,0.000214839931029301,1.0003942654033,0.00295973674358158,0.0117055103253084,0.0465116279069768,"2020_2023",43
"TP_UP","baseline","elastic_nocal","pop_density","adjusted",36,28619,28619,1.81126450571537,1.79584368651082,14.7880509539631,14.8837331433259,0.00104278915812263,0.987184043790316,0.00870429928294527,0.0259967154687446,0.162790697674419,"2020_2023",43
"TP_UP","baseline","elastic_nocal","ppt_normal","adjusted",36,28619,28619,1063.33938892036,1063.36614231853,500.234261462199,500.03300590971,-0.0000534817389262137,1.00080513106628,0.00671904407822463,0.0331947307732625,0.0782608695652174,"1988_1991",345
"TP_UP","baseline","elastic_nocal","slope","adjusted",36,28619,28619,6.76959299044629,6.78041579534593,5.32052280191857,5.31523516314024,-0.00203416192403798,1.00199060576204,0.00464164033089874,0.0199168384639575,0.0930232558139534,"2020_2023",43
"TP_UP","baseline","elastic_nocal","tmean_normal","adjusted",36,28619,28619,9.02773200824553,9.02425337036874,2.25924882432541,2.26185009515172,0.00153973207348143,0.997701196008695,0.00717214402004925,0.0359201928788567,0.0840579710144928,"1988_1991",345
"TP_UP","baseline","glm_nocal","city_travel_time","adjusted",36,28619,28619,113.891732168546,113.99469825844,48.1185781911011,48.0912083868984,-0.00213984065541585,1.00113856954363,0.00615660021732175,0.0288270030399385,0.0697674418604651,"2020_2023",43
"TP_UP","baseline","glm_nocal","eastness","adjusted",36,28619,28619,-0.0691054856381975,-0.0695052667826676,0.664618898936056,0.664693898476028,0.000601519374652261,0.999774346330166,0.0029654565913235,0.0121597540095741,0.0465116279069768,"2020_2023",43
"TP_UP","baseline","glm_nocal","elevation","adjusted",36,28619,28619,1562.82415810779,1562.1244940493,429.033634221391,429.481585837855,0.00163079069490728,0.997915077045214,0.00684291584586202,0.0314825815017995,0.0697674418604651,"2020_2023",43
"TP_UP","baseline","glm_nocal","northness","adjusted",36,28619,28619,-0.11630003865077,-0.116398258631014,0.734666734812269,0.734545601762788,0.000133693245644016,1.0003298448378,0.00296235532383881,0.011740452147175,0.0465116279069768,"2020_2023",43
"TP_UP","baseline","glm_nocal","pop_density","adjusted",36,28619,28619,1.81126450571537,1.796859137739,14.7880509539631,14.8901781283875,0.000974122149106919,0.986329653811936,0.00872083302950846,0.0259967154687446,0.162790697674419,"2020_2023",43
"TP_UP","baseline","glm_nocal","ppt_normal","adjusted",36,28619,28619,1063.33938892036,1063.39270841573,500.234261462199,500.018239262779,-0.000106589051314212,1.00086424392689,0.00670018922291395,0.0330549634857962,0.0753623188405797,"1988_1991",345
"TP_UP","baseline","glm_nocal","slope","adjusted",36,28619,28619,6.76959299044629,6.78060382398985,5.32052280191857,5.31554593784871,-0.00206950218117419,1.00187344592966,0.00460628428215655,0.0198120129983578,0.0930232558139534,"2020_2023",43
"TP_UP","baseline","glm_nocal","tmean_normal","adjusted",36,28619,28619,9.02773200824553,9.02419515631435,2.25924882432541,2.2619344010587,0.00156549906902868,0.997626825561271,0.00717034583949069,0.0358503092351235,0.0840579710144928,"1988_1991",345
"TP_UP","baseline","mahal_nocal","city_travel_time","adjusted",36,28619,28619,113.891732168546,113.986090992843,48.1185781911011,48.0841430605917,-0.00196096451401018,1.00143279919568,0.00612539547110762,0.0287221775743387,0.0697674418604651,"2020_2023",43
"TP_UP","baseline","mahal_nocal","eastness","adjusted",36,28619,28619,-0.0691054856381975,-0.069492711640026,0.664618898936056,0.664685003563526,0.000582628634918963,0.999801104763975,0.00294987074962361,0.0122296376533073,0.0465116279069768,"2020_2023",43
"TP_UP","baseline","mahal_nocal","elevation","adjusted",36,28619,28619,1562.82415810779,1562.03185246391,429.033634221391,429.396471926807,0.00184672151710108,0.998310724790839,0.00685625597222062,0.0316223487892659,0.0697674418604651,"2020_2023",43
"TP_UP","baseline","mahal_nocal","northness","adjusted",36,28619,28619,-0.11630003865077,-0.116414263423539,0.734666734812269,0.734552302244153,0.000155478351416192,1.00031159518861,0.00293965180981212,0.0114609175722422,0.0465116279069768,"2020_2023",43
"TP_UP","baseline","mahal_nocal","pop_density","adjusted",36,28619,28619,1.81126450571537,1.79344950725851,14.7880509539631,14.849319522505,0.00120468873905882,0.991764986830202,0.00873426350342326,0.0259268318250114,0.162790697674419,"2020_2023",43
"TP_UP","baseline","mahal_nocal","ppt_normal","adjusted",36,28619,28619,1063.33938892036,1063.35287698664,500.234261462199,500.027696216562,-0.0000269634995444817,1.00082638587437,0.00674951837604955,0.0333694398825955,0.0782608695652174,"1988_1991",345
"TP_UP","baseline","mahal_nocal","slope","adjusted",36,28619,28619,6.76959299044629,6.77328960883573,5.32052280191857,5.31331923825377,-0.000694784803498242,1.00271334978321,0.00464160751738246,0.0198818966420909,0.0930232558139534,"2020_2023",43
"TP_UP","baseline","mahal_nocal","tmean_normal","adjusted",36,28619,28619,9.02773200824553,9.02446698603455,2.25924882432541,2.26161451887262,0.00144518044043276,0.99790905369125,0.00715702437847513,0.0357105419476572,0.0840579710144928,"1988_1991",345
"TP_UP","baseline","mahal_pscal","city_travel_time","adjusted",36,28618,28618,113.890936711823,113.989271665587,48.119230746674,48.0918599505916,-0.00204359641247593,1.0011385953864,0.00616989984756002,0.0288280103431407,0.0697674418604651,"2020_2023",43
"TP_UP","baseline","mahal_pscal","eastness","adjusted",36,28618,28618,-0.069119841937782,-0.0696855315645542,0.664626073567392,0.664499990200983,0.000851148872952305,1.00037951942786,0.00299105445911432,0.0125794954224614,0.0465116279069768,"2020_2023",43
"TP_UP","baseline","mahal_pscal","elevation","adjusted",36,28618,28618,1562.7955044693,1562.00685017903,429.01374520138,429.552309439504,0.00183821087057837,0.99749401129655,0.00689211891460325,0.0315186246418338,0.0697674418604651,"2020_2023",43
"TP_UP","baseline","mahal_pscal","northness","adjusted",36,28618,28618,-0.116271263286562,-0.116678187145599,0.734663442612703,0.734659536856684,0.000553889048945675,1.00001063286109,0.00297256427337467,0.0120553497798588,0.0465116279069768,"2020_2023",43
"TP_UP","baseline","mahal_pscal","pop_density","adjusted",36,28618,28618,1.79379340073186,1.77622749889646,14.4899323005762,14.6315437163824,0.00118784428658578,0.980736670662041,0.00872780763976329,0.0260675099587672,0.162790697674419,"2020_2023",43
"TP_UP","baseline","mahal_pscal","ppt_normal","adjusted",36,28618,28618,1063.35697790651,1063.38878656705,500.234151528601,500.002579437616,-0.0000635875288560036,1.00092649808568,0.00669330388023785,0.0330561185268013,0.0753623188405797,"1988_1991",345
"TP_UP","baseline","mahal_pscal","slope","adjusted",36,28618,28618,6.76976622700758,6.7798430657432,5.32053504588819,5.314176425618,-0.00189395649840724,1.00239451005376,0.00454564668504921,0.0195681039904955,0.0697674418604651,"2020_2023",43
"TP_UP","baseline","mahal_pscal","tmean_normal","adjusted",36,28618,28618,9.02784230126068,9.02487786702285,2.25921124809354,2.26266462858317,0.00131213269025741,0.996949839500074,0.00721161965296785,0.0358865049968551,0.0840579710144928,"1988_1991",345
"TP_UP","baseline","nn_exact_1to1","city_travel_time","adjusted",36,28619,28619,113.891732168546,130.86746685393,48.1185781911011,67.7162202265584,-0.35278961522857,0.504940441180513,0.117601420531404,0.302002166392956,0.463768115942029,"1988_1991",345
"TP_UP","baseline","nn_exact_1to1","eastness","adjusted",36,28619,28619,-0.0691054856381975,0.0466349739449456,0.664618898936056,0.611614201765801,-0.174145603997154,1.18083781024563,0.0677415093222532,0.152486110625808,0.33974358974359,"2015_2018",624
"TP_UP","baseline","nn_exact_1to1","elevation","adjusted",36,28619,28619,1562.82415810779,1869.02224110276,429.033634221391,578.532824008288,-0.713692490684686,0.54995438796947,0.232673662524555,0.482895978196303,0.821626617375231,"2000_2003",1082
"TP_UP","baseline","nn_exact_1to1","northness","adjusted",36,28619,28619,-0.11630003865077,-0.443092645625888,0.734666734812269,0.653796727919306,0.444817481845866,1.26268571153182,0.13501444587654,0.244942171284811,0.47536231884058,"1988_1991",345
"TP_UP","baseline","nn_exact_1to1","pop_density","adjusted",36,28619,28619,1.81126450571537,4.27970420258959,14.7880509539631,19.3256153538723,-0.166921232862853,0.585538173888204,0.0716009735017164,0.149026870261015,0.369195046439628,"1996_1999",1292
"TP_UP","baseline","nn_exact_1to1","ppt_normal","adjusted",36,28619,28619,1063.33938892036,1282.50121460473,500.234261462199,612.305022363602,-0.438118382862763,0.667438452758701,0.128114927957917,0.306824137810545,0.5,"1991_1994",588
"TP_UP","baseline","nn_exact_1to1","slope","adjusted",36,28619,28619,6.76959299044629,9.60648575792275,5.32052280191857,6.1625316552434,-0.533198122269766,0.745401549571894,0.154468324575161,0.253537859463992,0.427911275415896,"2000_2003",1082
"TP_UP","baseline","nn_exact_1to1","tmean_normal","adjusted",36,28619,28619,9.02773200824553,7.67843748765354,2.25924882432541,3.09331915736761,0.597231480686897,0.533431511708869,0.172895243256751,0.378000628952794,0.580310880829016,"2016_2019",386
"TP_UP","baseline","rmahal_cal025","city_travel_time","adjusted",36,28114,28114,114.789509630546,114.867659109877,47.7441365257007,47.7200792209581,-0.00162410200527551,1.00100852174538,0.00653006105537918,0.0304118944298214,0.0731707317073171,"2020_2023",41
"TP_UP","baseline","rmahal_cal025","eastness","adjusted",36,28114,28114,-0.0702782012290454,-0.0704664353528182,0.664648039956826,0.665136073739811,0.000283221142332992,0.998533067868511,0.0031517984957662,0.0126627303122999,0.0487804878048781,"2020_2023",41
"TP_UP","baseline","rmahal_cal025","elevation","adjusted",36,28114,28114,1565.76888879685,1564.76179155625,427.731700315805,429.042417681479,0.00234736197880207,0.993899366580117,0.00665032392414256,0.030091769225297,0.0731707317073171,"2020_2023",41
"TP_UP","baseline","rmahal_cal025","northness","adjusted",36,28114,28114,-0.116345216613041,-0.116275977771291,0.734518955290042,0.734069975695832,-0.0000942452386483761,1.00122363511351,0.00310609887132722,0.0120224799032511,0.073170731707317,"2020_2023",41
"TP_UP","baseline","rmahal_cal025","pop_density","adjusted",36,28114,28114,0.909385239936612,0.903544511662476,6.86081373890538,6.83877984357939,0.000394962682527853,1.00645418960214,0.00423945551668919,0.014903606743971,0.0487804878048781,"2020_2023",41
"TP_UP","baseline","rmahal_cal025","ppt_normal","adjusted",36,28114,28114,1063.14520579822,1063.49954994768,501.435355570942,501.325579784364,-0.000708356417692996,1.00043799004026,0.00687237926473119,0.0342533968841147,0.0731707317073171,"2020_2023",41
"TP_UP","baseline","rmahal_cal025","slope","adjusted",36,28114,28114,6.74543624269366,6.74938262105804,5.30976850098298,5.30902815372986,-0.000741727554096646,1.00027892068101,0.00454834644723266,0.0191363733371274,0.0731707317073171,"2020_2023",41
"TP_UP","baseline","rmahal_cal025","tmean_normal","adjusted",36,28114,28114,8.99224266565278,8.9878782567254,2.23652208065617,2.23853005620071,0.001931796480487,0.998206792036919,0.00689329979960788,0.0349647862275023,0.0825958702064897,"1988_1991",339
"TP_UP","baseline","rmahal_nocal","city_travel_time","adjusted",36,28619,28619,113.891732168546,114.02915990039,48.1185781911011,48.0961386623783,-0.002856022289317,1.00093332911923,0.00668948056227402,0.0313428142143331,0.0673575129533679,"2016_2019",386
"TP_UP","baseline","rmahal_nocal","eastness","adjusted",36,28619,28619,-0.0691054856381975,-0.0693676116598387,0.664618898936056,0.664987896006876,0.000394400493366582,0.998890522079857,0.00318106814380565,0.01250917222824,0.0465116279069768,"2020_2023",43
"TP_UP","baseline","rmahal_nocal","elevation","adjusted",36,28619,28619,1562.82415810779,1561.56675557112,429.033634221391,430.718635758848,0.00293077846672086,0.99219116390287,0.00661604574338137,0.0302596177364688,0.0697674418604651,"2020_2023",43
"TP_UP","baseline","rmahal_nocal","northness","adjusted",36,28619,28619,-0.11630003865077,-0.116386301435988,0.734666734812269,0.734294367868529,0.000117417573343505,1.00101447423613,0.00304898896488631,0.0121946958314407,0.0465116279069768,"2020_2023",43
"TP_UP","baseline","rmahal_nocal","pop_density","adjusted",36,28619,28619,1.81126450571537,1.63853069500655,14.7880509539631,13.1744383285247,0.0116806339960932,1.25996261461132,0.00470925453344927,0.0171913763583633,0.0492227979274611,"2016_2019",386
"TP_UP","baseline","rmahal_nocal","ppt_normal","adjusted",36,28619,28619,1063.33938892036,1063.67658367228,500.234261462199,500.452209974998,-0.000674073684868936,0.999129183367266,0.00677108786922656,0.0325657779796639,0.0697674418604651,"2020_2023",43
"TP_UP","baseline","rmahal_nocal","slope","adjusted",36,28619,28619,6.76959299044629,6.77647865591513,5.32052280191857,5.3195414559702,-0.00129417084094739,1.0003689928824,0.0044507288566643,0.0187987001642266,0.0697674418604651,"2020_2023",43
"TP_UP","baseline","rmahal_nocal","tmean_normal","adjusted",36,28619,28619,9.02773200824553,9.02517161729546,2.25924882432541,2.26317588424126,0.00113329303195821,0.996532613458388,0.00677424214624329,0.034522520004193,0.0811594202898551,"1988_1991",345
"UP_UNP","augmented","(before)","agb_pre5","unadjusted",30,99315,29959704,7426.66667925289,10174.9559168359,6634.79476458719,6178.94932474398,-0.414223700219303,1.15299047529934,0.0662381994654977,0.206402436730792,0.850499000589511,"1989_1993",866
"UP_UNP","augmented","(before)","ch_pre5","unadjusted",30,99315,29959704,9.89877401898628,13.3781448126077,8.61010354006017,8.15128651699,-0.404103246544366,1.11574366707002,0.0728139150088121,0.199064016207776,0.777036075071102,"1997_2001",2
"UP_UNP","augmented","(before)","city_travel_time","unadjusted",30,99315,29959704,124.796958807245,89.6533593159834,66.6929058829047,54.142348000507,0.526946592385171,1.51734769438978,0.176364483617015,0.270106037911684,0.988402836197572,"2004_2008",1
"UP_UNP","augmented","(before)","eastness","unadjusted",30,99315,29959704,-0.0889366816989238,-0.103010717839861,0.67283764948946,0.655817931701337,0.0209174325360902,1.05257728987007,0.00660327465244187,0.017109396269848,0.987467165690937,"2004_2008",1
"UP_UNP","augmented","(before)","elevation","unadjusted",30,99315,29959704,1667.20786651656,726.07192071178,775.310844251095,527.320192839605,1.21388208714386,2.16173728150391,0.325689814591491,0.51545589635153,0.971210084033613,"2007_2011",1
"UP_UNP","augmented","(before)","gpp_pre5","unadjusted",30,99315,29959704,893.702256456728,1293.14747448384,359.723411095072,396.544277285622,-1.11042319100422,0.822913207085471,0.153901083234532,0.357015386512545,0.991136134453781,"2007_2011",1
"UP_UNP","augmented","(before)","northness","unadjusted",30,99315,29959704,0.0871441862641581,0.138194308598258,0.729174106166892,0.734938740268529,-0.0700108820408604,0.984374136847143,0.0254717280362822,0.0440582161749746,0.706168067226891,"2007_2011",1
"UP_UNP","augmented","(before)","pop_density","unadjusted",30,99315,29959704,1.89796140919862,16.0753181079958,20.6067210887854,65.6253319430857,-0.68799672872327,0.0985995106761408,0.323364324386141,0.446391294084795,0.97426021897761,"1997_2001",2
"UP_UNP","augmented","(before)","ppt_normal","unadjusted",30,99315,29959704,1120.07319793894,1185.41088445335,633.151753475082,531.238199053233,-0.103194354522117,1.42048625740579,0.0528725183106089,0.0974273573447326,0.964789882031498,"1992_1996",4
"UP_UNP","augmented","(before)","slope","unadjusted",30,99315,29959704,13.4754453905883,12.3229372399436,8.09297208738248,6.71872668742717,0.142408516698277,1.45091555144318,0.0491399258589975,0.0830184276113492,0.861362278618599,"1997_2001",2
"UP_UNP","augmented","(before)","tmean_normal","unadjusted",30,99315,29959704,9.37283468093224,13.0569694327166,3.63581507794343,2.37288544857048,-1.01328991513734,2.3477401468068,0.304351350475654,0.491270813138648,0.975955182072829,"2007_2011",1
"UP_UNP","augmented","bart_cal025","agb_pre5","adjusted",30,78795,78795,8434.71387672653,8425.3730082281,6751.23269790455,6746.58039796749,0.0014078609557429,1.0013796334518,0.00143218840190738,0.00619328637603908,1,"1997_2001",1
"UP_UNP","augmented","bart_cal025","ch_pre5","adjusted",30,78795,78795,11.1372184577592,11.1282673180821,8.81447197283306,8.81463058332055,0.00103960883111991,0.999964012318163,0.00148380892074962,0.00658671235484487,1,"1997_2001",1
"UP_UNP","augmented","bart_cal025","city_travel_time","adjusted",30,78795,78795,109.772130873746,106.816045249768,53.054256897093,53.3076186239822,0.0443238390177214,0.990516941421473,0.0178354720704444,0.0383019227108319,1,"1997_2001",1
"UP_UNP","augmented","bart_cal025","eastness","adjusted",30,78795,78795,-0.0759759962157706,-0.0821093616993509,0.671712903911784,0.66950690852821,0.00911566926766691,1.00660076747109,0.0032641644354305,0.0081984897518878,1,"1985_1988",3
"UP_UNP","augmented","bart_cal025","elevation","adjusted",30,78795,78795,1438.910331779,1430.53392162061,665.403689395232,679.642674279115,0.0108039378276531,0.95853754592508,0.00889205377621703,0.0180849038644584,1,"1997_2001",1
"UP_UNP","augmented","bart_cal025","gpp_pre5","adjusted",30,78795,78795,956.923228208219,952.883200710705,358.016290550833,352.020163910318,0.0112309273539235,1.03435708914954,0.00301811451906508,0.00808426930642807,1,"1997_2001",1
"UP_UNP","augmented","bart_cal025","northness","adjusted",30,78795,78795,0.0619173926857843,0.0705090658258074,0.734221571047216,0.734775189613203,-0.0117827458042739,0.998493661704894,0.00438911235362793,0.00925185608223871,1,"1985_1988",3
"UP_UNP","augmented","bart_cal025","pop_density","adjusted",30,78795,78795,2.34329009984896,3.29803356816669,22.63806264423,22.613453825057,-0.0463316538426544,1.00217766020965,0.0770842228560764,0.0996002284408909,1,"1997_2001",1
"UP_UNP","augmented","bart_cal025","ppt_normal","adjusted",30,78795,78795,1156.8289050389,1148.80432590804,629.571713136361,628.420970010255,0.0126740218072807,1.00366568520761,0.00607273590072621,0.0165492734310552,1,"1997_2001",1
"UP_UNP","augmented","bart_cal025","slope","adjusted",30,78795,78795,12.9453348894642,12.605164980551,7.76574501884574,7.45264844672682,0.0420327544986256,1.08578786319832,0.0127043901411997,0.0222349133828288,1,"1997_2001",1
"UP_UNP","augmented","bart_cal025","tmean_normal","adjusted",30,78795,78795,10.3263844194551,10.3704196291184,3.19177627047023,3.23817415720408,-0.0121115097218218,0.971548483480443,0.0068854408143292,0.0144806142521733,1,"1996_2000",2
"UP_UNP","augmented","bart_nocal","agb_pre5","adjusted",30,96106,96106,7622.570166795,7634.05296166038,6648.90270614465,6407.47788982251,-0.00173069330292993,1.07677688334436,0.00705944334677803,0.0279691174328346,1,"2004_2008",1
"UP_UNP","augmented","bart_nocal","ch_pre5","adjusted",30,96106,96106,10.1393359592881,10.1513201223767,8.63865528941779,8.35461064901605,-0.00139187212242516,1.06915299955075,0.00745864287577151,0.0265956339874721,1,"2004_2008",1
"UP_UNP","augmented","bart_nocal","city_travel_time","adjusted",30,96106,96106,121.915007010902,109.148312933601,63.9115937822784,54.5293846266972,0.191425068503029,1.37371962416119,0.0561607777735434,0.100586852017564,1,"2004_2008",1
"UP_UNP","augmented","bart_nocal","eastness","adjusted",30,96106,96106,-0.0934860532983515,-0.0993255249924263,0.672983811723946,0.667597943410537,0.00867887178802444,1.01620015070883,0.00431582549875659,0.00864670259921346,1,"2004_2008",1
"UP_UNP","augmented","bart_nocal","elevation","adjusted",30,96106,96106,1645.47045721469,1527.35835885135,772.940160782169,682.629032129547,0.152341604969331,1.28210099332415,0.0432995128722905,0.104665681643186,1,"2004_2008",1
"UP_UNP","augmented","bart_nocal","gpp_pre5","adjusted",30,96106,96106,904.172511601773,920.041903384458,358.119328548762,344.009028141859,-0.0441155379194678,1.08371689117769,0.0111218284658111,0.0363973113021039,1,"2004_2008",1
"UP_UNP","augmented","bart_nocal","northness","adjusted",30,96106,96106,0.0791082394133135,0.0905972664000073,0.729384144209504,0.732233935501148,-0.0157562191108089,0.992231319574665,0.00589747629812051,0.0148273781033443,1,"2004_2008",1
"UP_UNP","augmented","bart_nocal","pop_density","adjusted",30,96106,96106,1.9607920626756,3.33070397750058,20.9449824911233,22.289908007606,-0.066478888558865,0.882964923209545,0.0964529019384882,0.126735063367532,1,"2007_2011",1
"UP_UNP","augmented","bart_nocal","ppt_normal","adjusted",30,96106,96106,1142.24185554775,1110.63524865841,629.780509700188,613.859945534576,0.0499194809393779,1.0525429801358,0.0147898458630731,0.0280003329656837,1,"2004_2008",1
"UP_UNP","augmented","bart_nocal","slope","adjusted",30,96106,96106,13.3322635079801,12.4949698324284,8.04085403974526,7.4165032620808,0.103459355414932,1.17545490698516,0.0264844676358599,0.0396541318960315,1,"2004_2008",1
"UP_UNP","augmented","bart_nocal","tmean_normal","adjusted",30,96106,96106,9.42250703536974,10.0472189353212,3.62735886564557,3.20538114455448,-0.171821692401584,1.28062416265386,0.0501752328970246,0.0991613426841196,1,"2004_2008",1
"UP_UNP","augmented","elastic_cal025","agb_pre5","adjusted",26,84558,84558,8135.39415371698,8110.8416682435,6752.21004414542,6605.43445146678,0.00370056442507126,1.04493460714733,0.0043297299768851,0.0144397928049386,0.75,"1996_2000",4
"UP_UNP","augmented","elastic_cal025","ch_pre5","adjusted",26,84558,84558,10.7729534367775,10.7385775057571,8.79145823568811,8.61915297521145,0.00399251075907233,1.04038158643727,0.00458609429354247,0.0141796163580028,0.333333333333333,"1987_1991",9
"UP_UNP","augmented","elastic_cal025","city_travel_time","adjusted",26,84558,84558,113.658265871713,109.909307081881,56.3673443612842,55.2142756691575,0.0562122573638271,1.04220317109254,0.0190919668602952,0.0411078786158613,1,"2012_2016",3
"UP_UNP","augmented","elastic_cal025","eastness","adjusted",26,84558,84558,-0.0812041932137219,-0.0901603906515651,0.673620461397777,0.666161524794396,0.0133110824648993,1.02251914818419,0.00574727402601199,0.0123347288251851,0.75,"1996_2000",4
"UP_UNP","augmented","elastic_cal025","elevation","adjusted",26,84558,84558,1506.67552665364,1493.87939580156,703.710101893765,700.452590846651,0.0165045167973114,1.00932278857469,0.00501634759216982,0.0146763168476075,0.666666666666667,"2012_2016",3
"UP_UNP","augmented","elastic_cal025","gpp_pre5","adjusted",26,84558,84558,939.353232692353,928.671731434834,358.859915316821,353.071117806797,0.0296936505327863,1.03305992755797,0.0065857256718761,0.0146644906454742,0.75,"1996_2000",4
"UP_UNP","augmented","elastic_cal025","northness","adjusted",26,84558,84558,0.069803308078394,0.0740597462046522,0.731206043797449,0.736559779716855,-0.00583734130197437,0.985515693184444,0.00424930742521727,0.0129733437403912,0.75,"1996_2000",4
"UP_UNP","augmented","elastic_cal025","pop_density","adjusted",26,84558,84558,2.22290566708538,3.09249978343517,22.3136031623588,22.2390456150679,-0.0421995383255341,1.00671634274192,0.0729161550620119,0.0937108257054329,0.888888888888889,"1987_1991",9
"UP_UNP","augmented","elastic_cal025","ppt_normal","adjusted",26,84558,84558,1150.65991713536,1136.77806094647,637.785345112306,627.89786540274,0.0219250063080431,1.03174187749274,0.00950466209306357,0.0211334232124695,0.75,"1992_1996",4
"UP_UNP","augmented","elastic_cal025","slope","adjusted",26,84558,84558,12.9365222423614,12.7997166345831,7.81103188238124,7.46359867378773,0.0169042480687084,1.09526765697893,0.00868563020592418,0.0157051964332174,0.75,"1992_1996",4
"UP_UNP","augmented","elastic_cal025","tmean_normal","adjusted",26,84558,84558,10.0378530019663,10.1202126433651,3.33391753488271,3.29152600139918,-0.0226523185676958,1.02592385024624,0.00701866010099766,0.0191584474561839,0.666666666666667,"2012_2016",3
"UP_UNP","augmented","elastic_nocal","agb_pre5","adjusted",25,96097,96097,7622.1017373071,7621.930710983,6649.39639009724,6416.69625091245,0.0000257771837960285,1.07384471407376,0.00662752942006391,0.0264212202253973,0.4,"1996_2000",10
"UP_UNP","augmented","elastic_nocal","ch_pre5","adjusted",25,96097,96097,10.1389579456642,10.1373619538607,8.63909268837036,8.36405360842485,0.000185362672599939,1.06684825618624,0.00697354460788539,0.0250163896895845,0.333333333333333,"1990_1994",6
"UP_UNP","augmented","elastic_nocal","city_travel_time","adjusted",25,96097,96097,121.909781150868,109.017709254493,63.9525301153668,54.4430509931307,0.193304995871837,1.37984578584078,0.0568018210628139,0.102001103052124,0.611111111111111,"1985_1988",18
"UP_UNP","augmented","elastic_nocal","eastness","adjusted",25,96097,96097,-0.0933208061543165,-0.10028129391832,0.673027323325782,0.667671944840622,0.0103449736638334,1.01610628153301,0.00444955831098507,0.00938634920965276,0.5,"1992_1996",4
"UP_UNP","augmented","elastic_nocal","elevation","adjusted",25,96097,96097,1645.99210530139,1526.56552859124,773.033001476275,682.78111196403,0.15403702604665,1.28183779427083,0.0437441745476746,0.105050105622444,0.611111111111111,"1985_1988",18
"UP_UNP","augmented","elastic_nocal","gpp_pre5","adjusted",25,96097,96097,903.885436590112,920.686095993285,358.323278144833,344.123827153875,-0.0467043814358052,1.08422784549261,0.0113013718310905,0.0370042769285201,0.5,"1990_1994",6
"UP_UNP","augmented","elastic_nocal","northness","adjusted",25,96097,96097,0.0779818490318943,0.0915898565325028,0.729486442756525,0.731912630425541,-0.0186622198807125,0.993381268931604,0.006541367108696,0.0153802928291206,0.5,"1992_1996",4
"UP_UNP","augmented","elastic_nocal","pop_density","adjusted",25,96097,96097,1.95946670109544,3.33277696759544,20.9436726004007,22.3664126657188,-0.0666438032806386,0.876825180792991,0.096987937449488,0.127860391063197,0.6,"2009_2013",15
"UP_UNP","augmented","elastic_nocal","ppt_normal","adjusted",25,96097,96097,1142.1817479321,1110.61305386837,629.753434686787,613.782022877592,0.0498596014153983,1.05271972696757,0.0146324166610614,0.0274098046765248,0.75,"1992_1996",4
"UP_UNP","augmented","elastic_nocal","slope","adjusted",25,96097,96097,13.3435424640878,12.461588605544,8.04765256090359,7.42583494147884,0.108977746249596,1.17448602496051,0.0275043961954387,0.0408337409076246,0.75,"1992_1996",4
"UP_UNP","augmented","elastic_nocal","tmean_normal","adjusted",25,96097,96097,9.42040133631585,10.0499171843167,3.62669777623071,3.20653480816852,-0.173142977435742,1.27923641782935,0.0505289248858053,0.0992850973495531,0.7,"1996_2000",10
"UP_UNP","augmented","glm_cal025","agb_pre5","adjusted",30,89115,89115,7936.26945127083,7839.08491537152,6716.03340369556,6165.28375705194,0.0146477079318298,1.18664156228614,0.0140635682964861,0.0347079616226224,1,"1996_2000",2
"UP_UNP","augmented","glm_cal025","ch_pre5","adjusted",30,89115,89115,10.539799772268,10.0709418179351,8.72613574816483,8.23520116774639,0.0544543921163514,1.12278216302154,0.0136320255380403,0.0337878022779555,1,"2004_2008",1
"UP_UNP","augmented","glm_cal025","city_travel_time","adjusted",30,89115,89115,116.586618687182,111.134942123115,58.1868410566619,56.2354074123843,0.0817429753868917,1.07060648218862,0.026658144793627,0.0539639791280929,1,"2004_2008",1
"UP_UNP","augmented","glm_cal025","eastness","adjusted",30,89115,89115,-0.0851933069452191,-0.0820735819851426,0.673693680691425,0.660456572790763,-0.00463666824001842,1.04048641466358,0.0083950237205627,0.0180216574089659,1,"2004_2008",1
"UP_UNP","augmented","glm_cal025","elevation","adjusted",30,89115,89115,1563.8426123281,1556.91836442835,732.277256971301,684.143197853832,0.00893093131753596,1.14566346958121,0.0109233831461091,0.0404196824328116,1,"2004_2008",1
"UP_UNP","augmented","glm_cal025","gpp_pre5","adjusted",30,89115,89115,924.564618189979,926.113098991939,358.389545814473,353.189525043098,-0.00430464282890491,1.02966283220049,0.00399093396650524,0.0141502552881109,1,"2004_2008",1
"UP_UNP","augmented","glm_cal025","northness","adjusted",30,89115,89115,0.0724910071548453,0.0757166475336111,0.73042648109432,0.742454119330131,-0.00442369024281766,0.967862754033385,0.0087547841276702,0.0219603882623576,1,"2004_2008",1
"UP_UNP","augmented","glm_cal025","pop_density","adjusted",30,89115,89115,2.07523482050935,3.99107811001944,20.3328853829276,23.8649872908684,-0.0929717678642592,0.725898017345305,0.0884807297743777,0.116893901138978,1,"2007_2011",1
"UP_UNP","augmented","glm_cal025","ppt_normal","adjusted",30,89115,89115,1148.29302556393,1170.49137662485,635.027817757689,664.638909233407,-0.0350600798925246,0.912880596669523,0.0124208492897552,0.0331032934971666,1,"2004_2008",1
"UP_UNP","augmented","glm_cal025","slope","adjusted",30,89115,89115,13.0373026499173,12.9590636082315,7.85008944603037,7.52581061178024,0.00966752891781114,1.08803443483599,0.00832481402836499,0.0159120237894855,1,"2004_2008",1
"UP_UNP","augmented","glm_cal025","tmean_normal","adjusted",30,89115,89115,9.78057587749812,9.95284265637271,3.44518217807179,3.24310619833885,-0.0473805117096406,1.1285012471635,0.0173329118730037,0.0442798630982438,1,"2004_2008",1
"UP_UNP","augmented","glm_nocal","agb_pre5","adjusted",30,96106,96106,7622.18118171602,7617.98211696807,6649.22341289107,6417.45530750165,0.000632885401424534,1.07353484441109,0.00658333045424948,0.0262834786589807,1,"2004_2008",1
"UP_UNP","augmented","glm_nocal","ch_pre5","adjusted",30,96106,96106,10.1380929567749,10.1363050348808,8.63967548441426,8.36193891623331,0.000207653936545892,1.06753194304847,0.00707517027875755,0.025503090337752,1,"2004_2008",1
"UP_UNP","augmented","glm_nocal","city_travel_time","adjusted",30,96106,96106,121.897768631718,109.019322843977,63.9460687887283,54.44884116566,0.193100684656805,1.37927358464901,0.0567208696668735,0.101960335462926,1,"2004_2008",1
"UP_UNP","augmented","glm_nocal","eastness","adjusted",30,96106,96106,-0.0932143395519638,-0.100650225238062,0.673087307653633,0.667713688124033,0.0110515303234595,1.016160346886,0.00456139691847468,0.00956235822945494,1,"2004_2008",1
"UP_UNP","augmented","glm_nocal","elevation","adjusted",30,96106,96106,1645.87137010098,1526.79369565369,772.930985367499,682.948560068625,0.153587010075057,1.28087116235759,0.0436418172757699,0.104863380017897,1,"2004_2008",1
"UP_UNP","augmented","glm_nocal","gpp_pre5","adjusted",30,96106,96106,903.889311801553,920.861159206155,358.381358402795,344.188602175304,-0.0471802692878294,1.08417116753892,0.0114299274652618,0.0371881048009489,1,"2004_2008",1
"UP_UNP","augmented","glm_nocal","northness","adjusted",30,96106,96106,0.077998963867923,0.0915746716121412,0.729442885718502,0.731825807621559,-0.0186179235238929,0.993498337108691,0.00670267952614377,0.0156181716021893,1,"2004_2008",1
"UP_UNP","augmented","glm_nocal","pop_density","adjusted",30,96106,96106,1.96076256872128,3.3355738232084,20.9449851125233,22.360369619576,-0.0667166430099994,0.877409142892461,0.0970143758773753,0.127910848438182,1,"2007_2011",1
"UP_UNP","augmented","glm_nocal","ppt_normal","adjusted",30,96106,96106,1142.19728921368,1110.76167959261,629.766551205612,613.787302526072,0.0496494078213303,1.05274546841243,0.0146144318218152,0.0273864274863172,1,"2004_2008",1
"UP_UNP","augmented","glm_nocal","slope","adjusted",30,96106,96106,13.3424012641399,12.4653831712621,8.04588061240582,7.42578104868504,0.108367863302666,1.17398592073901,0.0274135719799951,0.0408507273219154,1,"2004_2008",1
"UP_UNP","augmented","glm_nocal","tmean_normal","adjusted",30,96106,96106,9.4213514071367,10.0478523681122,3.62622161223962,3.2073854571772,-0.172313758413117,1.27822224844969,0.050287358338409,0.0989740494870248,1,"2004_2008",1
"UP_UNP","augmented","mahal_nocal","agb_pre5","adjusted",30,96106,96106,7622.57642654985,7638.67774679347,6648.9422691623,6422.3021668653,-0.00242680004656039,1.07182443585282,0.00673331457624734,0.0271575135787568,1,"2004_2008",1
"UP_UNP","augmented","mahal_nocal","ch_pre5","adjusted",30,96106,96106,10.1399261409503,10.1567532899837,8.63800483349033,8.37236710969568,-0.00195434920789006,1.06446248363746,0.00707820024828487,0.0257424094229288,1,"2004_2008",1
"UP_UNP","augmented","mahal_nocal","city_travel_time","adjusted",30,96106,96106,121.4388190528,109.34220371286,62.4562056365236,54.4809820876128,0.181377841912881,1.31419961973318,0.0545976643574522,0.0985266268495203,1,"2004_2008",1
"UP_UNP","augmented","mahal_nocal","eastness","adjusted",30,96106,96106,-0.0933979879641629,-0.0989227698351081,0.673059285464533,0.667805600693201,0.00821116635660517,1.01579606509285,0.00431107838383777,0.00882359061869189,1,"2004_2008",1
"UP_UNP","augmented","mahal_nocal","elevation","adjusted",30,96106,96106,1644.42331168166,1530.95309111764,771.579119568635,684.776533519623,0.146354486597731,1.26958912652815,0.0415779517986529,0.100451584708551,1,"2004_2008",1
"UP_UNP","augmented","mahal_nocal","gpp_pre5","adjusted",30,96106,96106,903.965377811999,920.001398109032,358.438530934074,344.031405488471,-0.0445787507913812,1.08550842375103,0.0110576941265325,0.036615820032048,1,"2004_2008",1
"UP_UNP","augmented","mahal_nocal","northness","adjusted",30,96106,96106,0.0779525570199234,0.0906113435656739,0.729450211720656,0.73209734697791,-0.0173604444243021,0.992781425911775,0.00630709192509069,0.0150354816556718,1,"2004_2008",1
"UP_UNP","augmented","mahal_nocal","pop_density","adjusted",30,96106,96106,1.96080249643646,3.3184359402515,20.9449821572094,22.2346654594088,-0.0658830406819983,0.88735783948341,0.0961498261912895,0.12668303747945,1,"2007_2011",1
"UP_UNP","augmented","mahal_nocal","ppt_normal","adjusted",30,96106,96106,1141.74672307447,1112.45571886204,630.154705389677,614.800984222678,0.0462622176305435,1.05057063831616,0.013960440960351,0.0271471084011404,1,"2004_2008",1
"UP_UNP","augmented","mahal_nocal","slope","adjusted",30,96106,96106,13.3003194799099,12.5228797425475,8.01630671359158,7.42611701718117,0.096063563418739,1.165265998411,0.0246340695272007,0.0370216219590869,1,"2004_2008",1
"UP_UNP","augmented","mahal_nocal","tmean_normal","adjusted",30,96106,96106,9.42584759644836,10.0323593842696,3.62171631290974,3.21120765064635,-0.166815906425122,1.27201454937818,0.0487493262580672,0.0969138243189812,1,"2004_2008",1
"UP_UNP","augmented","mahal_pscal","agb_pre5","adjusted",30,89153,89153,7934.38120702612,7955.17275731981,6715.4431462674,6559.23078812108,-0.00313371415867551,1.04819848937657,0.00482337615713558,0.0198535102576469,1,"1996_2000",2
"UP_UNP","augmented","mahal_pscal","ch_pre5","adjusted",30,89153,89153,10.5377059292063,10.5049464591575,8.72509023929524,8.57622989798274,0.00380477074362056,1.03501591052659,0.0045639569396902,0.0148508743396184,1,"2004_2008",1
"UP_UNP","augmented","mahal_pscal","city_travel_time","adjusted",30,89153,89153,116.584291020706,110.730087444642,58.1838411239308,55.0805186560781,0.0877785050533323,1.11585749603048,0.0279281196589291,0.0554552286518681,1,"2004_2008",1
"UP_UNP","augmented","mahal_pscal","eastness","adjusted",30,89153,89153,-0.0853358014107137,-0.0910596742661149,0.673710474674598,0.667755534799291,0.008507063865621,1.01791521650315,0.0046312846281492,0.00944443821295972,1,"2004_2008",1
"UP_UNP","augmented","mahal_pscal","elevation","adjusted",30,89153,89153,1564.02835953154,1529.03058346983,732.367935606198,698.832766134084,0.0451403154247363,1.09827759652886,0.0124013228300535,0.0406940876919453,1,"2004_2008",1
"UP_UNP","augmented","mahal_pscal","gpp_pre5","adjusted",30,89153,89153,924.535095285632,918.882744831918,358.349935932773,349.072499222584,0.0157130458551662,1.05386114212979,0.00541672884287092,0.011945756171974,1,"2004_2008",1
"UP_UNP","augmented","mahal_pscal","northness","adjusted",30,89153,89153,0.0725146258462163,0.0767948596054638,0.730392041646242,0.734734342642984,-0.005869974979978,0.988214871188478,0.00392315691035929,0.0124280730878378,1,"2004_2008",1
"UP_UNP","augmented","mahal_pscal","pop_density","adjusted",30,89153,89153,2.07645294075329,2.79251675273964,20.3332355085375,20.4447708494677,-0.03474904177628,0.989118870126645,0.0731599470371584,0.0966989332944489,1,"2007_2011",1
"UP_UNP","augmented","mahal_pscal","ppt_normal","adjusted",30,89153,89153,1148.10592957542,1132.38774005408,634.971212860944,626.091780034165,0.0248253115229888,1.0285657744845,0.00980653229462424,0.0225342949760524,1,"2004_2008",1
"UP_UNP","augmented","mahal_pscal","slope","adjusted",30,89153,89153,13.0377031326574,12.6684772660468,7.84986839937281,7.44069547525161,0.0456230248447609,1.11300647492608,0.0133381305038548,0.0235662288425516,1,"2004_2008",1
"UP_UNP","augmented","mahal_pscal","tmean_normal","adjusted",30,89153,89153,9.78045680397298,9.9901942039859,3.44583630158025,3.27211994967549,-0.0576864872158332,1.10899822869363,0.0175023301024732,0.0450798066245668,1,"2004_2008",1
"UP_UNP","augmented","nn_exact_1to1","agb_pre5","adjusted",30,96106,96106,7622.57642654985,6708.94354098599,6648.9422691623,5050.65455737714,0.137703262569675,1.73304481308649,0.0372060737695722,0.0828356190040164,1,"2004_2008",1
"UP_UNP","augmented","nn_exact_1to1","ch_pre5","adjusted",30,96106,96106,10.1399261409503,8.8825531893124,8.63800483349033,6.75268298466079,0.146034591313307,1.63634231936832,0.0389915168263432,0.0834703348386157,1,"2004_2008",1
"UP_UNP","augmented","nn_exact_1to1","city_travel_time","adjusted",30,96106,96106,121.4388190528,100.897403524632,62.4562056365236,55.5483452972257,0.308000007740455,1.26418007073575,0.100295983886317,0.192943208540569,1,"1987_1991",9
"UP_UNP","augmented","nn_exact_1to1","eastness","adjusted",30,96106,96106,-0.0933979879641629,-0.0724427108577289,0.673059285464533,0.684629956665834,-0.0311446262294248,0.966484389626472,0.0130638369927577,0.02947786818721,1,"1992_1996",4
"UP_UNP","augmented","nn_exact_1to1","elevation","adjusted",30,96106,96106,1644.42331168166,1479.07949507149,771.579119568635,678.947697496414,0.213261323295285,1.29148180756435,0.0630944619733297,0.140209768380746,1,"1992_1996",4
"UP_UNP","augmented","nn_exact_1to1","gpp_pre5","adjusted",30,96106,96106,903.965377811999,924.791490125486,358.438530934074,333.833090099807,-0.0578947926966657,1.15284418266141,0.0187016920282438,0.0507148357022454,1,"1987_1991",9
"UP_UNP","augmented","nn_exact_1to1","northness","adjusted",30,96106,96106,0.0779525570199234,-0.0905657323629562,0.729450211720656,0.719417157715709,0.231108438927903,1.02808666659324,0.0665994394927384,0.117079058539529,1,"1997_2001",2
"UP_UNP","augmented","nn_exact_1to1","pop_density","adjusted",30,96106,96106,1.96080249643646,11.1998985792479,20.9449821572094,57.2076517951533,-0.448353527133413,0.134045347896752,0.166710257500901,0.234033254947662,1,"1992_1996",4
"UP_UNP","augmented","nn_exact_1to1","ppt_normal","adjusted",30,96106,96106,1141.74672307447,1122.17260580337,630.154705389677,613.152933823256,0.0309153645451753,1.0562257370993,0.020477410799642,0.0597777454061142,1,"1987_1991",9
"UP_UNP","augmented","nn_exact_1to1","slope","adjusted",30,96106,96106,13.3003194799099,10.7421737559693,8.01630671359158,7.01822129737081,0.316094717283023,1.30465154995117,0.0761838224484667,0.135027989927788,1,"2004_2008",1
"UP_UNP","augmented","nn_exact_1to1","tmean_normal","adjusted",30,96106,96106,9.42584759644836,10.0878165740825,3.62171631290974,3.14616295210214,-0.182068934597335,1.3251542481294,0.0582906562680697,0.129617297567269,1,"1992_1996",4
"UP_UNP","augmented","rmahal_cal025","agb_pre5","adjusted",27,3794,3794,4670.00126515551,4652.96779124934,3706.33896299057,3675.83421998575,0.00256729477105849,1.01666632194591,0.00745174095569705,0.0305745914602004,1,"1985_1988",1
"UP_UNP","augmented","rmahal_cal025","ch_pre5","adjusted",27,3794,3794,5.53611140638993,5.52549288447975,5.57733477056433,5.54721056105562,0.00123326297538423,1.01089052025708,0.00653432765240237,0.0208223510806537,1,"1985_1988",1
"UP_UNP","augmented","rmahal_cal025","city_travel_time","adjusted",27,3794,3794,71.9686002629207,71.5010342394671,49.0560500061299,48.9965274304519,0.00701073101049964,1.00243114089027,0.0117251881346477,0.0413811280969953,1,"1985_1988",1
"UP_UNP","augmented","rmahal_cal025","eastness","adjusted",27,3794,3794,-0.0924264771024338,-0.0946712514833383,0.668438341662515,0.667470212865664,0.00333627938717127,1.00290299368253,0.00625323080136897,0.0205587770163416,1,"1985_1988",1
"UP_UNP","augmented","rmahal_cal025","elevation","adjusted",27,3794,3794,854.474454741762,839.225819651052,490.516440685483,495.221618482573,0.0196677696484942,0.98108796018409,0.0207283679864225,0.0564048497627833,1,"1985_1988",1
"UP_UNP","augmented","rmahal_cal025","gpp_pre5","adjusted",27,3794,3794,995.733403619751,996.946621859075,299.559946002598,295.866013286408,-0.00337264187401995,1.0251261869126,0.00791002833024243,0.0234580917237744,1,"1985_1988",1
"UP_UNP","augmented","rmahal_cal025","northness","adjusted",27,3794,3794,0.202683403225442,0.197182958626165,0.709801048531098,0.71196262525553,0.00754338991573898,0.993937054317005,0.0069355419542803,0.0216130732735899,1,"1985_1988",1
"UP_UNP","augmented","rmahal_cal025","pop_density","adjusted",27,3794,3794,2.31144803292572,2.64499557041067,13.8825921753733,13.9936050409415,-0.0161863469713519,0.984196706084001,0.0447196366874552,0.0975224037954665,1,"1985_1988",1
"UP_UNP","augmented","rmahal_cal025","ppt_normal","adjusted",27,3794,3794,708.447688636116,703.967520770614,365.9756927625,365.131850333614,0.00707597797986394,1.00462746547198,0.0140282494922569,0.0429625724828677,1,"1985_1988",1
"UP_UNP","augmented","rmahal_cal025","slope","adjusted",27,3794,3794,12.7106314343869,12.0716549767143,6.76573862311419,6.34173583645369,0.078954486778576,1.13818835143168,0.0311702184459633,0.062203479177649,1,"1985_1988",1
"UP_UNP","augmented","rmahal_cal025","tmean_normal","adjusted",27,3794,3794,14.2035722275062,14.210462160216,2.58127307667992,2.59331319936712,-0.00189501736533362,0.990736041440005,0.0111102207306741,0.0345282024248814,1,"1985_1988",1
"UP_UNP","augmented","rmahal_nocal","agb_pre5","adjusted",30,96106,96106,7622.57642654985,7446.97053739274,6648.9422691623,6127.75698395084,0.0264674184187878,1.17734042731837,0.00962489728343831,0.0221526231452771,1,"2004_2008",1
"UP_UNP","augmented","rmahal_nocal","ch_pre5","adjusted",30,96106,96106,10.1399261409503,9.9457681280221,8.63800483349033,8.01458352596048,0.0225500206849873,1.16162236954269,0.0102077417939512,0.0235573221234887,1,"2004_2008",1
"UP_UNP","augmented","rmahal_nocal","city_travel_time","adjusted",30,96106,96106,121.4388190528,109.739231378156,62.4562056365236,54.1788893571094,0.175424769992572,1.3288960075143,0.0522308867528773,0.0949680561047177,1,"2004_2008",1
"UP_UNP","augmented","rmahal_nocal","eastness","adjusted",30,96106,96106,-0.0933979879641629,-0.0993592979335748,0.673059285464533,0.670350268555939,0.0088599530272054,1.00809872351885,0.0032435200457606,0.00797036605414863,1,"2004_2008",1
"UP_UNP","augmented","rmahal_nocal","elevation","adjusted",30,96106,96106,1644.42331168166,1512.01479020611,771.579119568635,667.402211865416,0.170781206605523,1.33655135116197,0.0504969888505281,0.106507398081285,1,"2004_2008",1
"UP_UNP","augmented","rmahal_nocal","gpp_pre5","adjusted",30,96106,96106,903.965377811999,916.027410012555,358.438530934074,342.123879190777,-0.0335314072660339,1.09764676573947,0.0103970859771826,0.0360851559736125,1,"2004_2008",1
"UP_UNP","augmented","rmahal_nocal","northness","adjusted",30,96106,96106,0.0779525570199234,0.0905036715956735,0.729450211720656,0.729722075748728,-0.0172127815148682,0.999255022166648,0.00609206220451971,0.0129648513100119,1,"2004_2008",1
"UP_UNP","augmented","rmahal_nocal","pop_density","adjusted",30,96106,96106,1.96080249643646,3.47222371558847,20.9449821572094,33.8153532867821,-0.07334603174566,0.383647286900152,0.0431151062080646,0.0680394564335214,1,"2004_2008",1
"UP_UNP","augmented","rmahal_nocal","ppt_normal","adjusted",30,96106,96106,1141.74672307447,1114.32777109457,630.154705389677,626.579432848269,0.04330549797803,1.01144459149273,0.0148794773477666,0.0314340415790898,1,"2004_2008",1
"UP_UNP","augmented","rmahal_nocal","slope","adjusted",30,96106,96106,13.3003194799099,12.4788149839082,8.01630671359158,7.24140589912547,0.101508381238884,1.22547051919437,0.028083277426605,0.0454394106507399,1,"2004_2008",1
"UP_UNP","augmented","rmahal_nocal","tmean_normal","adjusted",30,96106,96106,9.42584759644836,10.1553270227021,3.62171631290974,3.14152169201498,-0.200637109043054,1.32907268600176,0.0595168330577882,0.11244875450024,1,"2004_2008",1
"UP_UNP","baseline","(before)","city_travel_time","unadjusted",30,99919,30255718,124.630228399166,89.0432332376822,66.7294787376516,54.4025271863669,0.533302459942697,1.50451774842677,0.177831392613735,0.272425671587331,0.988462586424168,"2004_2008",1
"UP_UNP","baseline","(before)","eastness","unadjusted",30,99919,30255718,-0.0886309927269683,-0.102888094337293,0.672928146137191,0.655778846029644,0.0211866626357728,1.05298596087974,0.00678934843742049,0.0174768948773613,0.987381219985695,"2004_2008",1
"UP_UNP","baseline","(before)","elevation","unadjusted",30,99919,30255718,1664.61468494962,721.752377925661,778.232145308474,528.178618655879,1.21154376969385,2.17098437797727,0.325590286328822,0.51568749362541,0.9118708199469,"2007_2011",72
"UP_UNP","baseline","(before)","northness","unadjusted",30,99919,30255718,0.0876316423626488,0.138831844075797,0.729049174312405,0.734867812338082,-0.0702287356150382,0.984226817068817,0.0256153150883216,0.044293778426502,0.704592257001647,"1992_1996",4
"UP_UNP","baseline","(before)","pop_density","unadjusted",30,99919,30255718,2.14437704219491,17.1870755163835,33.0604840522428,69.614026319997,-0.45500539104079,0.22554069258061,0.324062324049482,0.447429097124942,0.974210092277176,"1997_2001",2
"UP_UNP","baseline","(before)","ppt_normal","unadjusted",30,99919,30255718,1120.14201030194,1181.21975705256,632.579402757495,531.687097041847,-0.0965534863834965,1.41552600309716,0.0518604831162605,0.0949802782347205,0.964489806425041,"1992_1996",4
"UP_UNP","baseline","(before)","slope","unadjusted",30,99919,30255718,13.445236004269,12.2786024249654,8.09617695894678,6.71849787344713,0.144096847835616,1.4521638322196,0.0494125269994465,0.0836049655331298,0.861285089043163,"1997_2001",2
"UP_UNP","baseline","(before)","tmean_normal","unadjusted",30,99919,30255718,9.37885035121431,13.061878502584,3.64416625644875,2.3682289010381,-1.01066413884169,2.36782178116536,0.304017224361642,0.491357465441797,0.909467035244076,"1993_1997",26
"UP_UNP","baseline","bart_nocal","city_travel_time","adjusted",30,96723,96723,121.772539228499,109.641944934359,63.9788530527524,54.6786405357888,0.181787637542192,1.36910729325953,0.0530317633515238,0.0954374864303217,1,"2004_2008",1
"UP_UNP","baseline","bart_nocal","eastness","adjusted",30,96723,96723,-0.0929698275160734,-0.0973434534100516,0.673112425778607,0.668248161060016,0.00649939509750647,1.01461124417187,0.00390387305001896,0.00837443007350888,1,"2004_2008",1
"UP_UNP","baseline","bart_nocal","elevation","adjusted",30,96723,96723,1642.90974330307,1533.7912066793,775.839847294422,684.78438225146,0.140213350581298,1.28361998100256,0.0397262068031178,0.103315653980956,1,"2004_2008",1
"UP_UNP","baseline","bart_nocal","northness","adjusted",30,96723,96723,0.0795895294566466,0.0891716953911593,0.729258224819269,0.732068183774183,-0.0131433739617771,0.99233796477968,0.00488077170795915,0.0140814490865668,1,"2004_2008",1
"UP_UNP","baseline","bart_nocal","pop_density","adjusted",30,96723,96723,2.21470284184938,3.36834281055725,33.5999354767766,34.5674001827429,-0.0348948299391159,0.944807760638877,0.0878045980479669,0.117221343424004,1,"2012_2016",3
"UP_UNP","baseline","bart_nocal","ppt_normal","adjusted",30,96723,96723,1142.05481435321,1114.99778858794,629.239268977204,617.77839216928,0.0427725367713857,1.03744768893084,0.0135410191630029,0.0291037292060833,1,"2004_2008",1
"UP_UNP","baseline","bart_nocal","slope","adjusted",30,96723,96723,13.3005168466378,12.5588222396707,8.04264513601407,7.46270434680447,0.0916104737739821,1.16146289760303,0.0235097411755567,0.0338905947913112,1,"1997_2001",2
"UP_UNP","baseline","bart_nocal","tmean_normal","adjusted",30,96723,96723,9.42884094412523,10.017314056206,3.63586833873644,3.21789377994804,-0.161483607132201,1.27665305236378,0.0470176277503151,0.0942588629384945,1,"2004_2008",1
"UP_UNP","baseline","elastic_cal025","city_travel_time","adjusted",27,83341,83341,112.455529315602,109.47394451524,55.5855320949777,55.1735557423738,0.0446816737784625,1.01498958853106,0.0166988956260627,0.0353247501229887,1,"1996_2000",1
"UP_UNP","baseline","elastic_cal025","eastness","adjusted",27,83341,83341,-0.0749412737912004,-0.0853128470110667,0.673304934605465,0.668220195531348,0.0154126012998598,1.0152766556753,0.00521302072512938,0.0117109225951211,1,"1996_2000",1
"UP_UNP","baseline","elastic_cal025","elevation","adjusted",27,83341,83341,1481.52294974346,1475.38627805337,695.041118924153,698.206829497565,0.00788539991195051,0.990952440790929,0.0042535906437934,0.0115909336341057,1,"1996_2000",1
"UP_UNP","baseline","elastic_cal025","northness","adjusted",27,83341,83341,0.0687621192277416,0.0737587082959327,0.732237617767429,0.735300616372295,-0.0068535693396863,0.991686069996177,0.00343659689173296,0.011362954608176,1,"1996_2000",1
"UP_UNP","baseline","elastic_cal025","pop_density","adjusted",27,83341,83341,2.56227630257458,3.28992685766657,36.1824723983372,36.0744507555103,-0.022009676384113,1.00599778352963,0.0673834906017417,0.0880239018010344,1,"2012_2016",3
"UP_UNP","baseline","elastic_cal025","ppt_normal","adjusted",27,83341,83341,1152.28993153162,1140.66127524043,638.090912973065,629.295537572747,0.018382919583683,1.02814842736864,0.00866718451223158,0.0212140483075557,1,"1996_2000",1
"UP_UNP","baseline","elastic_cal025","slope","adjusted",27,83341,83341,12.8545936052533,12.8880754612983,7.8027132049714,7.53193784634653,-0.0041355143563135,1.07319300576816,0.00699895214785443,0.0163304975942213,1,"1996_2000",1
"UP_UNP","baseline","elastic_cal025","tmean_normal","adjusted",27,83341,83341,10.1449981737173,10.1839271983424,3.28896930931102,3.2855189969511,-0.0106825599836887,1.00210141779657,0.00441509374217749,0.0134987581142535,1,"1996_2000",1
"UP_UNP","baseline","elastic_nocal","city_travel_time","adjusted",27,96718,96718,121.77611172733,109.526214517049,64.0270409756604,54.6356735152977,0.183575496797168,1.37332795409005,0.0536875852230877,0.0966314439918112,0.666666666666667,"2012_2016",3
"UP_UNP","baseline","elastic_nocal","eastness","adjusted",27,96718,96718,-0.0931129434562715,-0.0976158942994771,0.673125604452161,0.668263766562225,0.00669157750207649,1.0146035857876,0.00387176123432322,0.00812671891478319,0.333333333333333,"2012_2016",3
"UP_UNP","baseline","elastic_nocal","elevation","adjusted",27,96718,96718,1643.56755175516,1533.12637518602,776.06991079426,684.811003534778,0.141912894802564,1.28428151389884,0.0401646194712097,0.103910337269174,0.555555555555556,"1985_1988",18
"UP_UNP","baseline","elastic_nocal","northness","adjusted",27,96718,96718,0.0787462640938604,0.0899089357874185,0.729319339657144,0.731927470209315,-0.0153112740359195,0.992885951717345,0.00531043106791723,0.0144440538472673,0.4,"1996_2000",10
"UP_UNP","baseline","elastic_nocal","pop_density","adjusted",27,96718,96718,2.21333976586969,3.38448438264189,33.5993968794734,34.6327285766809,-0.0354243033744315,0.941216528117385,0.0888876541837779,0.118623213879526,1,"2012_2016",3
"UP_UNP","baseline","elastic_nocal","ppt_normal","adjusted",27,96718,96718,1142.06204881784,1115.17080146394,629.184267913922,618.012882611722,0.0425104694156722,1.03647934943325,0.013347263697736,0.0285572489091999,0.666666666666667,"2012_2016",3
"UP_UNP","baseline","elastic_nocal","slope","adjusted",27,96718,96718,13.3098388848247,12.5230361629334,8.04693298072793,7.48019673382421,0.0971820065051673,1.15727008825586,0.0244844051276895,0.0348332264935172,0.444444444444444,"1985_1988",18
"UP_UNP","baseline","elastic_nocal","tmean_normal","adjusted",27,96718,96718,9.42578251945929,10.0206508891648,3.63559628848171,3.21849989075704,-0.163238537389141,1.27598128721546,0.0474733575732181,0.0947496846502203,0.7,"1996_2000",10
"UP_UNP","baseline","glm_nocal","city_travel_time","adjusted",30,96723,96723,121.776520656783,109.521979899657,64.0391807577645,54.6394332187116,0.183645084435697,1.3736597196111,0.0536389180138963,0.0966781427375081,1,"2004_2008",1
"UP_UNP","baseline","glm_nocal","eastness","adjusted",30,96723,96723,-0.0929800085058352,-0.0983659478895513,0.673148443662124,0.668185590660495,0.00800373623043273,1.01490987986581,0.00408049498504805,0.00819867042999078,1,"2004_2008",1
"UP_UNP","baseline","glm_nocal","elevation","adjusted",30,96723,96723,1643.51344279867,1533.16470789547,776.026275821787,684.884383194023,0.141794110624229,1.28386194458501,0.040145280186331,0.103904965726869,1,"2004_2008",1
"UP_UNP","baseline","glm_nocal","northness","adjusted",30,96723,96723,0.0788196338111971,0.0900260636821241,0.729307298477357,0.731884028088328,-0.0153712949219047,0.992971034776587,0.00540538822566272,0.014515678794082,1,"2004_2008",1
"UP_UNP","baseline","glm_nocal","pop_density","adjusted",30,96723,96723,2.2146613548025,3.3813040207784,33.5999380837548,34.6155476466921,-0.0352881302080256,0.942181430353961,0.0888091512392578,0.118544710151671,1,"2012_2016",3
"UP_UNP","baseline","glm_nocal","ppt_normal","adjusted",30,96723,96723,1142.05185511392,1115.19514219877,629.195106409005,617.996088306522,0.0424558763660084,1.03657139531331,0.0133618918468059,0.0286178054857686,1,"2004_2008",1
"UP_UNP","baseline","glm_nocal","slope","adjusted",30,96723,96723,13.3083946707982,12.5295921512289,8.04504966355978,7.4808982384849,0.0961938608207826,1.15651152380636,0.0242935097459878,0.0346246497730634,1,"1997_2001",2
"UP_UNP","baseline","glm_nocal","tmean_normal","adjusted",30,96723,96723,9.42653489772062,10.0192449293131,3.63538783147149,3.2191946047879,-0.162646265258509,1.27528436721288,0.0472843145755798,0.0944242837794527,1,"2004_2008",1
"UP_UNP","baseline","mahal_nocal","city_travel_time","adjusted",30,96723,96723,121.317341817609,109.79977935484,62.5967040095585,54.6736570641868,0.172600815721197,1.31083094071844,0.0517779212738685,0.0935765019695419,1,"2004_2008",1
"UP_UNP","baseline","mahal_nocal","eastness","adjusted",30,96723,96723,-0.0930392716284918,-0.097758392288858,0.673160597358892,0.66840156990668,0.00701281509393735,1.01429071933528,0.00390439598995692,0.00833307486326931,1,"2004_2008",1
"UP_UNP","baseline","mahal_nocal","elevation","adjusted",30,96723,96723,1641.90872133983,1537.59863821449,774.512439647044,687.20821036051,0.134034662734207,1.27022341990846,0.037915667152399,0.0990974225365219,1,"2004_2008",1
"UP_UNP","baseline","mahal_nocal","northness","adjusted",30,96723,96723,0.0785780848441299,0.0893309878529686,0.729314588111705,0.731853387774409,-0.0147492149881114,0.993074033251539,0.00525038369964574,0.0143502579531239,1,"2004_2008",1
"UP_UNP","baseline","mahal_nocal","pop_density","adjusted",30,96723,96723,2.21471487960554,3.38102406656441,33.5999351225964,34.5451044782844,-0.0352780432711099,0.946027708196997,0.087877879420602,0.117335070252163,1,"2012_2016",3
"UP_UNP","baseline","mahal_nocal","ppt_normal","adjusted",30,96723,96723,1141.55473049999,1117.42943404569,629.612410868853,619.199346242596,0.0381379734293337,1.03391677608592,0.012522762070769,0.0281422205680138,1,"2004_2008",1
"UP_UNP","baseline","mahal_nocal","slope","adjusted",30,96723,96723,13.2718813147839,12.5781739139224,8.02016788112189,7.46842523345135,0.0856833298455619,1.15321117750839,0.0220397577363069,0.0320192715279717,1,"1997_2001",2
"UP_UNP","baseline","mahal_nocal","tmean_normal","adjusted",30,96723,96723,9.43216639462239,10.0013809965627,3.63010186023051,3.22378829314508,-0.15619885644159,1.26795720307151,0.0454467943259093,0.0919533099676396,1,"2004_2008",1
"UP_UNP","baseline","mahal_pscal","city_travel_time","adjusted",30,87769,87769,114.983023698185,110.80198531598,57.0508023196513,55.3369825040575,0.0626565419257006,1.06290038794812,0.0212732064944686,0.0454032745046657,1,"2004_2008",1
"UP_UNP","baseline","mahal_pscal","eastness","adjusted",30,87769,87769,-0.0806125970577132,-0.0856791528873962,0.673295243853344,0.668027108329885,0.00752911861209334,1.01583441152812,0.00434409076145739,0.00849958413562883,1,"2004_2008",1
"UP_UNP","baseline","mahal_pscal","elevation","adjusted",30,87769,87769,1539.04702821438,1517.86406582977,723.587708232296,702.474036333393,0.0272193361740586,1.06101569236396,0.00759018889548588,0.029178867253814,1,"2004_2008",1
"UP_UNP","baseline","mahal_pscal","northness","adjusted",30,87769,87769,0.0719339125529871,0.0743310966897093,0.731343817186647,0.735386871687854,-0.00328809663488483,0.989034505288496,0.00328669453931054,0.0104023060533902,1,"2004_2008",1
"UP_UNP","baseline","mahal_pscal","pop_density","adjusted",30,87769,87769,2.39504767091657,3.01895272015889,34.3552407042591,34.691656724966,-0.0188716247546893,0.9806994023476,0.0662031365872418,0.0859301119985416,1,"2012_2016",3
"UP_UNP","baseline","mahal_pscal","ppt_normal","adjusted",30,87769,87769,1147.93034567625,1136.91175754403,633.723014978317,627.058992641261,0.0174185060155135,1.0213677919113,0.00860735079650855,0.0225820050359467,1,"2004_2008",1
"UP_UNP","baseline","mahal_pscal","slope","adjusted",30,87769,87769,12.940768915478,12.7052835115656,7.84055924770353,7.49587805832599,0.0290860001092495,1.09407994192889,0.00911488819307318,0.0173523681482072,1,"1997_2001",2
"UP_UNP","baseline","mahal_pscal","tmean_normal","adjusted",30,87769,87769,9.88574393930162,10.0182979998667,3.3984387215518,3.28421688755326,-0.0363743175357393,1.07076761341516,0.0115979632468124,0.0346477685743258,1,"2004_2008",1
"UP_UNP","baseline","nn_exact_1to1","city_travel_time","adjusted",30,96723,96723,121.317341817609,100.816731401169,62.5967040095585,55.5830895217013,0.307219699662858,1.2682870757539,0.100149178104032,0.192973749780301,1,"1987_1991",9
"UP_UNP","baseline","nn_exact_1to1","eastness","adjusted",30,96723,96723,-0.0930392716284918,-0.0705152154116335,0.673160597358892,0.683594069366602,-0.0334717106813753,0.969707605312668,0.0137626212768183,0.029134745613763,1,"1992_1996",4
"UP_UNP","baseline","nn_exact_1to1","elevation","adjusted",30,96723,96723,1641.90872133983,1477.26763943815,774.512439647044,680.879213900608,0.211557801735907,1.29394746097796,0.0628970286665087,0.140700764037509,1,"1992_1996",4
"UP_UNP","baseline","nn_exact_1to1","northness","adjusted",30,96723,96723,0.0785780848441299,-0.0915890011396886,0.729314588111705,0.720471787593826,0.233409613479515,1.02469789179722,0.0674786251233631,0.117386764264963,1,"1997_2001",2
"UP_UNP","baseline","nn_exact_1to1","pop_density","adjusted",30,96723,96723,2.21471487960554,14.9836901187057,33.5999351225964,110.07014129484,-0.386230740569993,0.0931832448958415,0.167414752858959,0.235610971537277,1,"1992_1996",4
"UP_UNP","baseline","nn_exact_1to1","ppt_normal","adjusted",30,96723,96723,1141.55473049999,1122.94745105929,629.612410868853,612.425323733302,0.029414930931345,1.0569155305184,0.0210364730198646,0.0610816455238154,1,"1987_1991",9
"UP_UNP","baseline","nn_exact_1to1","slope","adjusted",30,96723,96723,13.2718813147839,10.7452242101155,8.02016788112189,7.05797727404526,0.312080271649236,1.2912383229684,0.0751036709629986,0.133215470984151,1,"2004_2008",1
"UP_UNP","baseline","nn_exact_1to1","tmean_normal","adjusted",30,96723,96723,9.43216639462239,10.0913256920852,3.63010186023051,3.14305298280512,-0.180880687399033,1.33393362110064,0.0584238682702729,0.130144846623864,1,"1992_1996",4
"UP_UNP","baseline","rmahal_cal025","city_travel_time","adjusted",28,1465,1465,76.5753769657311,76.1375378091995,59.5737682293536,59.3582920033387,0.00656140531612634,1.00727336715027,0.0371381428408301,0.102389078498294,1,"1985_1988",1
"UP_UNP","baseline","rmahal_cal025","eastness","adjusted",28,1465,1465,-0.11406294685797,-0.114564422355884,0.684470791109283,0.683616689145162,0.000745214033315131,1.00250033543574,0.0152670137514914,0.0552901023890785,0.5,"1990_1994",2
"UP_UNP","baseline","rmahal_cal025","elevation","adjusted",28,1465,1465,736.342940546628,735.222454883458,612.007378820867,605.75534655362,0.00143978332162843,1.02074862756796,0.0349024015949473,0.115358361774744,1,"1985_1988",1
"UP_UNP","baseline","rmahal_cal025","northness","adjusted",28,1465,1465,0.142197125113091,0.144075825181613,0.706349573260563,0.706714431815699,-0.00257691817605295,0.998967717779197,0.0154356631577456,0.0539249146757679,0.5,"1990_1994",2
"UP_UNP","baseline","rmahal_cal025","pop_density","adjusted",28,1465,1465,8.70912976207373,9.03057160067334,51.0054059564721,51.5331337760121,-0.00972284126547135,0.979623761702281,0.0429312942065914,0.109897610921502,1,"1985_1988",1
"UP_UNP","baseline","rmahal_cal025","ppt_normal","adjusted",28,1465,1465,950.352052895608,948.868247636918,542.131591785741,540.970265501457,0.00234564270069803,1.00429810248463,0.0379542292542862,0.111262798634812,1,"1985_1988",1
"UP_UNP","baseline","rmahal_cal025","slope","adjusted",28,1465,1465,11.6314774662154,11.5930219447755,6.49363289696169,6.44333325121177,0.00474983706938754,1.01567386784297,0.0171602873338931,0.0518771331058021,1,"1997_2001",2
"UP_UNP","baseline","rmahal_cal025","tmean_normal","adjusted",28,1465,1465,13.8697439953735,13.871641256378,2.91965747071164,2.91039718719879,-0.0005206296504892,1.00637371126501,0.0386454430170417,0.118088737201365,1,"1985_1988",1
"UP_UNP","baseline","rmahal_nocal","city_travel_time","adjusted",30,96723,96723,121.317341817609,110.336563212117,62.5967040095585,54.6234178933138,0.164556636934971,1.31324328863882,0.0487937723715191,0.0890067512380716,1,"2004_2008",1
"UP_UNP","baseline","rmahal_nocal","eastness","adjusted",30,96723,96723,-0.0930392716284918,-0.0980311948117696,0.673160597358892,0.670781169528203,0.00741821130819532,1.00710708096907,0.00281305601682617,0.00698903053048399,1,"2004_2008",1
"UP_UNP","baseline","rmahal_nocal","elevation","adjusted",30,96723,96723,1641.90872133983,1517.49254851283,774.512439647044,669.616893663822,0.159870256679887,1.33783942836602,0.0470384140703011,0.106655087207799,1,"2004_2008",1
"UP_UNP","baseline","rmahal_nocal","northness","adjusted",30,96723,96723,0.0785780848441299,0.0901124026759764,0.729314588111705,0.729533200016976,-0.0158210423086002,0.999400769832968,0.00568690174861281,0.0122618198360266,1,"2004_2008",1
"UP_UNP","baseline","rmahal_nocal","pop_density","adjusted",30,96723,96723,2.21471487960554,3.44527983246373,33.5999351225964,37.804444507884,-0.0372216253976688,0.789934634257815,0.0392280621406452,0.0629116135769156,0.666666666666667,"2012_2016",3
"UP_UNP","baseline","rmahal_nocal","ppt_normal","adjusted",30,96723,96723,1141.55473049999,1117.6120608616,629.612410868853,631.074049621977,0.0378492716234845,0.995373138560186,0.0141270351916669,0.0299515110159941,1,"2004_2008",1
"UP_UNP","baseline","rmahal_nocal","slope","adjusted",30,96723,96723,13.2718813147839,12.5041738359699,8.02016788112189,7.27516317392028,0.0948234558985965,1.21529424510479,0.0262109688148203,0.0418824891701043,1,"2004_2008",1
"UP_UNP","baseline","rmahal_nocal","tmean_normal","adjusted",30,96723,96723,9.43216639462239,10.1263089176616,3.63010186023051,3.15525080007239,-0.190480475969182,1.32363990527468,0.0563517447801155,0.109446563898969,1,"2004_2008",1
